日期,月,日,號,室,月份如適用,摘要,收入/支出,金額,備註, 運算 
1/2/25,1,2,147,,1月,租金,收入,"9,000",1樓店面," 9,000 "
1/2/25,1,2,149,5B,1月,租金,收入,"4,000",," 4,000 "
1/2/25,1,2,149,5B,1月,住戶電費,收入,"1,500",," 1,500 "
1/4/25,1,4,2,4B,1月,租金,收入,"4,000",," 4,000 "
1/4/25,1,4,2,4B,1月,住戶電費,收入,300,, 300 
1/5/25,1,5,2,5E,1月,租金,收入,4500,," 4,500 "
1/5/25,1,5,2,5E,1月,住戶電費,收入,370,, 370 
1/6/25,1,6,2,1A,1月,租金,收入,"4,000",," 4,000 "
1/6/25,1,6,2,1A,1月,住戶電費,收入,265,, 265 
1/7/25,1,7,2,4A,1月,租金,收入,"4,200",450," 4,200 "
1/7/25,1,7,2,4A,1月,住戶電費,收入,450,, 450 
1/8/25,1,8,,,12月,管理員薪水,支出,28000,," (28,000)"
1/8/25,1,8,6,5F,1月,租金,收入,4000,," 4,000 "
1/8/25,1,8,6,5F,1月,住戶電費,收入,290,, 290 
1/8/25,1,8,2,4D,1月,租金,收入,4300,," 4,300 "
1/8/25,1,8,2,4D,1月,住戶電費,收入,875,, 875 
1/8/25,1,8,147,3A,1月,租金,收入,5000,," 5,000 "
1/8/25,1,8,147,3A,1月,住戶電費,收入,460,, 460 
1/8/25,1,8,149,3B,1月,租金,收入,4700,," 4,700 "
1/8/25,1,8,149,3B,1月,住戶電費,收入,770,, 770 
1/8/25,1,8,2,1D,1月,租金,收入,4200,," 4,200 "
1/8/25,1,8,2,1D,1月,住戶電費,收入,445,, 445 
1/8/25,1,8,2,3D,1月,租金,收入,4200,," 4,200 "
1/8/25,1,8,2,3D,1月,住戶電費,收入,960,, 960 
1/9/25,1,9,6,2E,1月,租金,收入,4300,," 4,300 "
1/9/25,1,9,6,2E,1月,住戶電費,收入,860,, 860 
1/9/25,1,9,2,3B,1月,租金,收入,4200,," 4,200 "
1/9/25,1,9,2,3B,1月,住戶電費,收入,300,, 300 
1/9/25,1,9,,,,匯馬玲帳戶,支出,"50,000",," (50,000)"
1/9/25,1,9,6,3F,1月,租金,收入,"4,300",," 4,300 "
1/9/25,1,9,6,3F,1月,住戶電費,收入,710,, 710 
1/9/25,1,9,,,,,支出,240,匯費2025/11/6/11/13.18. 12/3.11.17.24, (240)
1/9/25,1,9,2,3A,1月,租金,收入,4000,," 4,000 "
1/9/25,1,9,2,3A,1月,住戶電費,收入,630,, 630 
1/9/25,1,9,6,2A,1月,租金,收入,4500,," 4,500 "
1/9/25,1,9,6,2A,1月,住戶電費,收入,490,, 490 
1/9/25,1,9,147,2A,1月,住戶電費,收入,90,, 90 
1/10/25,1,10,149,,,維修費,支出,500,後面鐵門, (500)
1/10/25,1,10,147,4B,1月,租金,收入,"5,000",," 5,000 "
1/10/25,1,10,147,4B,1月,住戶電費,收入,870,, 870 
1/11/25,1,11,6,4B,,退押金,支出,"8,600",退租," (8,600)"
1/11/25,1,11,6,4B,1月,住戶電費,收入,120,退租, 120 
1/11/25,1,11,149,2A,1月,租金,收入,"4,000",," 4,000 "
1/11/25,1,11,149,2A,1月,住戶電費,收入,600,, 600 
1/11/25,1,11,6,5D,1月,住戶電費,收入,530,, 530 
1/13/25,1,13,,,12月,管理員獎金,支出,"8,000",空房獎金," (8,000)"
1/13/25,1,13,6,1D,1月,租金,收入,"4,200",," 4,200 "
1/13/25,1,13,6,1D,1月,住戶電費,收入,720,, 720 
1/13/25,1,13,149,5A,1月,租金,收入,"4,000",," 4,000 "
1/13/25,1,13,149,5A,1月,住戶電費,收入,840,, 840 
1/13/25,1,13,2,5C,1月,租金,收入,"4,500",," 4,500 "
1/13/25,1,13,2,5C,1月,住戶電費,收入,"2,100",," 2,100 "
1/14/25,1,14,,,,匯馬玲帳戶,支出,"50,000",," (50,000)"
1/14/25,1,14,6,4F,1月,租金,收入,"4,300",," 4,300 "
1/14/25,1,14,6,4F,1月,住戶電費,收入,680,, 680 
1/14/25,1,14,2,4C,1月,租金,收入,"4,200",," 4,200 "
1/14/25,1,14,2,4C,1月,住戶電費,收入,"1,250",," 1,250 "
1/14/25,1,14,2,3E,1月,租金,收入,"4,200",," 4,200 "
1/14/25,1,14,2,3E,1月,住戶電費,收入,900,, 900 
1/14/25,1,14,149,2B,1月,租金,收入,"4,600",," 4,600 "
1/14/25,1,14,149,2B,1月,住戶電費,收入,750,, 750 
1/14/25,1,14,6,4C,1月,租金,收入,"3,300",," 3,300 "
1/14/25,1,14,6,4C,1月,住戶電費,收入,"1,230",," 1,230 "
1/14/25,1,14,2,4C,,新設備,支出,"4,000",衣櫥," (4,000)"
1/14/25,1,14,2,2C,9月,住戶電費,收入,600,, 600 
1/14/24,1,14,2,2C,10月,住戶電費,收入,720,, 720 
1/14/24,1,14,2,2C,11月,住戶電費,收入,870,, 870 
1/14/24,1,14,2,2C,12月,住戶電費,收入,120,, 120 
1/14/25,1,14,2,2A,1月,租金,收入,"4,000",," 4,000 "
1/14/25,1,14,2,2A,1月,住戶電費,收入,240,, 240 
1/14/25,1,14,2,2D,1月,租金,收入,4500,," 4,500 "
1/14/25,1,14,2,2D,1月,住戶電費,收入,540,, 540 
11/15/25,11,15,,,,維修費,支出,4490,電梯," (4,490)"
1/15/25,1,15,6,1C,1月,租金,收入,3300,," 3,300 "
1/15/25,1,15,6,1C,1月,住戶電費,收入,420,, 420 
1/15/25,1,15,2,1C,1月,租金,收入,4200,," 4,200 "
1/15/25,1,15,2,1C,1月,住戶電費,收入,570,, 570 
1/16/25,1,16,149,2C,1月,租金,收入,4700,," 4,700 "
1/16/25,1,16,149,2C,1月,住戶電費,收入,25,, 25 
1/17/25,1,17,149,4A,1月,租金,收入,5000,," 5,000 "
1/17/25,1,17,149,4A,1月,住戶電費,收入,1260,," 1,260 "
1/21/25,1,21,2,5B,,押金,收入,9000,," 9,000 "
1/21/25,1,21,2,5B,1月,租金,收入,4500,," 4,500 "
1/22/25,1,22,6,1A,1月,租金,收入,4500,," 4,500 "
1/22/25,1,22,6,1A,1月,住戶電費,收入,280,, 280 
1/22/25,1,22,6,1B,1月,租金,收入,4500,," 4,500 "
1/22/25,1,22,6,1B,1月,住戶電費,收入,600,, 600 
1/22/25,1,22,2,5A,1月,租金,收入,4000,," 4,000 "
1/22/25,1,22,2,5A,1月,住戶電費,收入,300,, 300 
1/22/25,1,22,,,,匯馬玲帳戶,支出,50000,," (50,000)"
1/22/25,1,22,147,3B,1月,租金,收入,5000,," 5,000 "
1/22/25,1,22,147,3B,1月,住戶電費,收入,1500,," 1,500 "
1/22/25,1,22,149,3A,1月,租金,收入,4600,," 4,600 "
1/22/25,1,22,149,3A,1月,住戶電費,收入,720,, 720 
1/23/25,1,23,2,1A,,維修費,支出,2600,浴室門置換," (2,600)"
1/23/25,1,23,6,2D,,維修費,支出,500,電燈, (500)
1/23/25,1,23,2,4E,1月,租金,收入,4500,," 4,500 "
1/23/25,1,23,2,4E,1月,住戶電費,收入,870,, 870 
1/23/25,1,23,6,2B,1月,租金,收入,4500,," 4,500 "
1/25/25,1,25,,,,管理員獎金,支出,30000,年終獎金," (30,000)"
1/25/25,1,25,147,4A,1月,租金,收入,5000,," 5,000 "
1/25/25,1,25,147,4A,1月,住戶電費,收入,1230,," 1,230 "
1/25/25,1,25,2,3C,1月,租金,收入,4500,," 4,500 "
1/25/25,1,25,2,3C,1月,住戶電費,收入,800,, 800 
1/25/25,1,25,149,4B,1月,住戶電費,收入,810,, 810 
1/25/25,1,25,147,5A,1月,租金,收入,4200,," 4,200 "
1/25/25,1,25,147,5A,1月,住戶電費,收入,600,, 600 
1/25/24,1,25,147,5A,12月,租金,收入,4200,," 4,200 "
1/28/25,1,28,6,2C,1月,租金,收入,3300,," 3,300 "
1/28/25,1,28,6,2C,1月,住戶電費,收入,1655,," 1,655 "
1/28/24,1,28,6,2F,12月,租金,收入,4000,," 4,000 "
1/28/24,1,28,6,2F,12月,住戶電費,收入,450,, 450 
1/28/25,1,28,,,,其他,支出,600,拜地基主, (600)
1/28/25,1,28,6,3B,1月,租金,收入,4500,," 4,500 "
1/28/25,1,28,6,3B,1月,住戶電費,收入,690,, 690 
1/28/25,1,28,6,1E,1月,租金,收入,4300,," 4,300 "
1/28/25,1,28,6,1E,1月,住戶電費,收入,360,, 360 
1/28/25,1,28,2,5D,1月,租金,收入,4300,," 4,300 "
1/28/25,1,28,2,5D,1月,住戶電費,收入,1210,," 1,210 "
1/28/24,1,28,6,4A,12月,租金,收入,4000,," 4,000 "
1/28/24,1,28,6,4A,12月,住戶電費,收入,600,, 600 
1/28/25,1,28,6,4A,1月,租金,收入,4000,," 4,000 "
1/28/25,1,28,6,4A,1月,住戶電費,收入,820,, 820 
1/28/24,1,28,147,5B,11月,住戶電費,收入,900,, 900 
1/28/24,1,28,147,5B,12月,住戶電費,收入,650,, 650 
1/28/25,1,28,147,5B,1月,住戶電費,收入,600,, 600 
1/28/24,1,28,6,4E,12月,住戶電費,收入,275,, 275 
1/28/25,1,28,6,4E,1月,住戶電費,收入,250,, 250 
2/2/25,2,2,2,2E,,押金,收入,9000,," 9,000 "
2/2/25,2,2,2,2E,2月,租金,收入,4500,," 4,500 "
2/3/25,2,3,,,,匯馬玲帳戶,支出,50000,," (50,000)"
2/3/25,2,3,149,5B,2月,租金,收入,4000,," 4,000 "
2/3/25,2,3,149,5B,2月,住戶電費,收入,2010,," 2,010 "
2/3/25,2,3,2,5D,2月,租金,收入,4300,," 4,300 "
2/3/25,2,3,2,5D,2月,住戶電費,收入,1490,," 1,490 "
2/4/25,2,4,2,3A,2月,租金,收入,4000,," 4,000 "
2/4/25,2,4,2,3A,2月,住戶電費,收入,600,, 600 
2/4/25,2,4,147,,2月,租金,收入,9000,一樓店面," 9,000 "
2/4/25,2,4,149,3B,2月,租金,收入,4700,," 4,700 "
2/4/25,2,4,149,3B,2月,住戶電費,收入,830,, 830 
2/4/25,2,4,6,5F,2月,租金,收入,4000,," 4,000 "
2/4/25,2,4,6,5F,2月,住戶電費,收入,340,, 340 
2/5/25,2,5,2,3D,2月,租金,收入,4200,," 4,200 "
2/5/25,2,5,2,3D,2月,住戶電費,收入,950,, 950 
2/5/25,2,5,,,,匯馬玲帳戶,支出,50000,," (50,000)"
2/5/25,2,5,2,4D,2月,租金,收入,4300,," 4,300 "
2/5/25,2,5,2,4D,2月,住戶電費,收入,960,, 960 
2/6/25,2,6,6,2A,,退押金,支出,9000,退租," (9,000)"
2/6/25,2,6,6,2A,2月,住戶電費,收入,330,退租, 330 
2/6/25,2,6,6,4E,2月,租金,收入,12000,2/6王建呈季繳2-4月," 12,000 "
2/6/25,2,6,6,3F,2月,租金,收入,4300,," 4,300 "
2/6/25,2,6,6,3F,2月,住戶電費,收入,810,, 810 
2/6/25,2,6,6,4E,2月,住戶電費,收入,190,, 190 
2/6/25,2,6,149,,2月,大樓電費支出,支出,380,, (380)
2/6/25,2,6,,,2月,稅,支出,1200,米范工作室," (1,200)"
2/6/25,2,6,6,2E,2月,租金,收入,4300,," 4,300 "
2/6/25,2,6,6,2E,2月,住戶電費,收入,930,, 930 
2/6/25,2,6,147,4B,2月,租金,收入,5000,," 5,000 "
2/6/25,2,6,147,4B,2月,住戶電費,收入,950,, 950 
2/7/25,2,7,2,2E,,新設備,支出,4000,衣櫥," (4,000)"
2/7/25,2,7,2,1D,2月,租金,收入,4200,," 4,200 "
2/7/25,2,7,2,1D,2月,住戶電費,收入,690,, 690 
2/7/25,2,7,2,1A,2月,租金,收入,4000,," 4,000 "
2/7/25,2,7,2,1A,2月,住戶電費,收入,270,, 270 
2/7/25,2,7,2,3E,2月,租金,收入,4200,," 4,200 "
2/7/25,2,7,2,3E,2月,住戶電費,收入,1170,," 1,170 "
2/8/25,2,8,149,4A,,退押金,支出,10000,退租," (10,000)"
2/8/25,2,8,149,4A,2月,住戶電費,收入,1090,退租," 1,090 "
2/8/25,2,8,149,4A,,住戶電費,收入,200,退租2/1--2/8, 200 
2/8/25,2,8,2,4A,2月,租金,收入,4200,," 4,200 "
2/8/25,2,8,2,4A,2月,住戶電費,收入,510,, 510 
2/8/25,2,8,6,5D,2月,住戶電費,收入,550,, 550 
2/9/25,2,9,,,1月,管理員薪水,支出,28000,," (28,000)"
2/9/25,2,9,2,4B,2月,租金,收入,4000,," 4,000 "
2/9/25,2,9,2,4B,2月,住戶電費,收入,300,, 300 
2/9/25,2,9,149,2A,2月,租金,收入,4000,," 4,000 "
2/9/25,2,9,149,2A,2月,住戶電費,收入,540,, 540 
2/9/25,2,9,147,3A,2月,租金,收入,5000,," 5,000 "
2/9/25,2,9,147,3A,2月,住戶電費,收入,630,, 630 
2/10/25,2,10,6,1C,2月,租金,收入,3300,," 3,300 "
2/10/25,2,10,6,1C,2月,住戶電費,收入,540,, 540 
2/10/25,2,10,6,1D,2月,租金,收入,4200,," 4,200 "
2/10/25,2,10,6,1D,2月,住戶電費,收入,900,, 900 
2/10/25,2,10,149,2B,2月,租金,收入,4600,," 4,600 "
2/10/25,2,10,149,2B,2月,住戶電費,收入,1090,," 1,090 "
2/11/25,2,11,,,,管理員獎金,支出,8000,空房獎金," (8,000)"
2/11/25,2,11,2,5E,2月,租金,收入,4500,," 4,500 "
2/11/25,2,11,2,5E,2月,住戶電費,收入,430,, 430 
2/11/25,2,11,2,2A,2月,租金,收入,4000,," 4,000 "
2/11/25,2,11,2,2A,2月,住戶電費,收入,490,, 490 
2/13/25,2,13,2,2D,2月,租金,收入,4500,," 4,500 "
2/13/25,2,13,2,2D,2月,住戶電費,收入,440,, 440 
2/13/25,2,13,,,,其他,支出,90,匯費1/9.14.22, (90)
2/13/25,2,13,2,5C,2月,退押金,支出,9000,退租," (9,000)"
2/13/25,2,13,2,5C,2月,住戶電費,收入,2660,退租," 2,660 "
2/13/25,2,13,2,5C,,住戶電費,收入,700,退租2/1--2/11, 700 
2/13/25,2,13,147,5A,2月,租金,收入,4200,," 4,200 "
3/13/25,3,13,147,5A,2月,住戶電費,收入,380,, 380 
2/14/25,2,14,149,5A,2月,租金,收入,4000,," 4,000 "
2/14/25,2,14,149,5A,2月,住戶電費,收入,790,, 790 
2/14/25,2,14,2,5C,,押金,收入,9000,," 9,000 "
2/14/25,2,14,2,5C,2月,租金,收入,4500,," 4,500 "
2/14/25,2,14,2,1C,2月,租金,收入,4200,," 4,200 "
2/14/25,2,14,2,1C,2月,住戶電費,收入,1220,," 1,220 "
2/14/25,2,14,,,,匯馬玲帳戶,支出,50000,," (50,000)"
2/15/25,2,15,147,2A,2月,住戶電費,收入,120,, 120 
2/15/25,2,15,2,3B,2月,租金,收入,4200,," 4,200 "
2/15/25,2,15,2,3B,2月,住戶電費,收入,270,, 270 
2/17/25,2,17,6,4C,2月,租金,收入,3300,," 3,300 "
2/17/25,2,17,6,4C,2月,住戶電費,收入,1325,," 1,325 "
2/17/25,2,17,,,,其他,支出,200,, (200)
2/18/25,2,18,149,3A,2月,租金,收入,4600,," 4,600 "
2/18/25,2,18,149,3A,2月,住戶電費,收入,780,, 780 
2/18/25,2,18,2,4C,2月,租金,收入,4200,," 4,200 "
2/18/25,2,18,2,4C,2月,住戶電費,收入,2050,," 2,050 "
2/19/25,2,19,2,4E,2月,租金,收入,4500,," 4,500 "
2/19/25,2,19,2,4E,2月,住戶電費,收入,1070,," 1,070 "
2/19/25,2,19,149,2C,2月,租金,收入,4700,," 4,700 "
2/19/25,2,19,149,2C,2月,住戶電費,收入,30,, 30 
2/19/25,2,19,6,1E,2月,租金,收入,4300,," 4,300 "
2/19/25,2,19,6,1E,2月,住戶電費,收入,310,, 310 
2/20/25,2,20,,,,匯馬玲帳戶,支出,50000,," (50,000)"
2/20/25,2,20,6,1B,2月,租金,收入,4500,," 4,500 "
2/20/25,2,20,6,1B,2月,住戶電費,收入,440,, 440 
2/20/25,2,20,6,4F,2月,租金,收入,4300,," 4,300 "
2/20/25,2,20,6,4F,2月,住戶電費,收入,420,, 420 
2/21/25,2,21,6,1A,2月,租金,收入,4500,," 4,500 "
2/21/25,2,21,6,1A,2月,住戶電費,收入,300,, 300 
2/24/25,2,24,149,2A,,其他,支出,400,浴室鎖更換, (400)
2/25/25,2,25,6,3B,2月,租金,收入,4500,," 4,500 "
2/25/25,2,25,6,3B,2月,住戶電費,收入,570,, 570 
2/26/25,2,26,6,4A,2月,租金,收入,4000,," 4,000 "
2/26/25,2,26,6,4A,2月,住戶電費,收入,1100,," 1,100 "
2/26/25,2,26,6,2B,2月,租金,收入,4500,," 4,500 "
2/26/25,2,26,6,2B,2月,住戶電費,收入,1320,," 1,320 "
2/26/25,2,26,6,2B,1月,住戶電費,收入,1020,," 1,020 "
2/27/25,2,27,2,3C,2月,租金,收入,4500,," 4,500 "
2/27/25,2,27,2,3C,2月,住戶電費,收入,990,, 990 
2/27/25,2,27,6,2C,2月,租金,收入,3300,," 3,300 "
2/27/25,2,27,6,2C,2月,住戶電費,收入,2270,," 2,270 "
2/27/25,2,27,,,,匯馬玲帳戶,支出,50000,," (50,000)"
2/27/25,2,27,147,3B,2月,租金,收入,5000,," 5,000 "
2/27/25,2,27,147,3B,2月,住戶電費,收入,2620,," 2,620 "
2/27/25,2,27,2,5A,2月,租金,收入,4000,," 4,000 "
2/27/25,2,27,2,5A,2月,住戶電費,收入,360,, 360 
2/27/25,2,27,6,,,其他,支出,450,偵煙器電池更換, (450)
2/28/25,2,28,2,4A,,退押金,支出,8400,退租," (8,400)"
2/28/25,2,28,2,4A,,住戶電費,收入,450,退租2/1--2/28, 450 
2/28/25,2,28,2,4D,,退押金,支出,8600,退租," (8,600)"
2/28/25,2,28,2,4D,2月,住戶電費,收入,635,退租2/1--2/28, 635 
2/28/25,2,28,149,4B,2月,住戶電費,收入,810,, 810 
2/28/25,2,28,2,5B,2月,租金,收入,4500,," 4,500 "
2/28/25,2,28,2,5B,2月,,收入,300,, 300 
2/28/25,2,28,147,4A,2月,租金,收入,5000,," 5,000 "
2/28/25,2,28,147,4A,2月,住戶電費,收入,1220,," 1,220 "
2/28/25,2,28,6,3D,,介紹費,支出,2000,," (2,000)"
3/3/25,3,3,147,,3月,租金,收入,9000,1樓店面," 9,000 "
3/3/25,3,3,6,5F,3月,租金,收入,4200,," 4,200 "
3/3/25,3,3,6,5F,3月,住戶電費,收入,270,, 270 
3/3/25,3,3,147,3A,3月,租金,收入,5000,," 5,000 "
3/3/25,3,3,147,3A,3月,住戶電費,收入,710,, 710 
3/3/25,3,3,6,5F,,維修費,支出,300,洗面盆阻塞, (300)
3/3/25,3,3,149,4B,3月,住戶電費,收入,830,, 830 
3/3/25,3,3,149,5B,3月,租金,收入,4200,," 4,200 "
3/3/25,3,3,149,5B,3月,住戶電費,收入,1350,," 1,350 "
3/4/25,3,4,6,2E,3月,租金,收入,4500,," 4,500 "
3/4/25,3,4,6,2E,3月,住戶電費,收入,760,, 760 
3/4/25,3,4,2,4D,,新設備,支出,14500,床組," (14,500)"
3/4/25,3,4,2,4A,,維修費,支出,4000,房間粉刷," (4,000)"
3/4/25,3,4,149,,,新設備,支出,26250,飲水機," (26,250)"
3/4/25,3,4,2,3D,3月,租金,收入,4300,," 4,300 "
3/4/25,3,4,2,3D,3月,住戶電費,收入,490,, 490 
3/6/25,3,6,2,1A,3月,租金,收入,4200,," 4,200 "
3/6/25,3,6,2,1A,3月,住戶電費,收入,300,, 300 
3/7/25,3,7,2,2E,3月,租金,收入,4500,," 4,500 "
3/7/25,3,7,2,2E,3月,住戶電費,收入,630,, 630 
3/8/25,3,8,2,3A,3月,租金,收入,4200,," 4,200 "
3/8/25,3,8,2,3A,3月,住戶電費,收入,660,, 660 
3/8/25,3,8,2,2E,,介紹費,支出,2000,," (2,000)"
3/8/25,3,8,2,5B,,介紹費,支出,2000,," (2,000)"
3/8/25,3,8,6,3C,,維修費,支出,2500,熱水爐維修," (2,500)"
3/8/25,3,8,6,5D,,租金,收入,44000,年繳3-2月," 44,000 "
3/8/25,3,8,6,5D,3月,住戶電費,收入,600,, 600 
3/8/25,3,8,149,3B,3月,租金,收入,5000,," 5,000 "
3/8/25,3,8,149,3B,3月,住戶電費,收入,840,, 840 
3/10/25,3,10,6,4F,3月,租金,收入,4500,," 4,500 "
3/10/25,3,10,6,4F,3月,住戶電費,收入,120,, 120 
3/10/25,3,10,,,2月,管理員薪水,支出,28000,," (28,000)"
3/10/25,3,10,,,,日常用品,支出,90,影印契約書, (90)
3/10/25,3,10,6,3F,3月,租金,收入,4500,," 4,500 "
3/10/25,3,10,6,3F,3月,住戶電費,收入,610,, 610 
3/10/25,3,10,6,1C,3月,租金,收入,3500,," 3,500 "
3/10/25,3,10,6,1C,3月,住戶電費,收入,420,, 420 
3/10/25,3,10,2,2A,3月,租金,收入,4200,," 4,200 "
3/10/25,3,10,2,2A,3月,住戶電費,收入,420,, 420 
3/10/25,3,10,149,5A,3月,租金,收入,4200,," 4,200 "
3/10/25,3,10,149,5A,3月,住戶電費,收入,650,, 650 
3/10/25,3,10,,,,匯馬玲帳戶,支出,50000,," (50,000)"
3/10/25,3,10,147,3B,3月,租金,收入,5000,," 5,000 "
3/10/25,3,10,147,3B,3月,住戶電費,收入,1280,," 1,280 "
3/10/25,3,10,2,5E,3月,租金,收入,4500,," 4,500 "
3/10/25,3,10,2,5E,3月,住戶電費,收入,335,, 335 
3/10/25,3,10,149,2B,3月,租金,收入,4800,," 4,800 "
3/10/25,3,10,149,2B,3月,住戶電費,收入,1300,," 1,300 "
3/11/25,3,11,,,,管理員獎金,支出,8000,空房獎金," (8,000)"
3/12/25,3,12,2,3E,3月,租金,收入,4300,," 4,300 "
3/12/25,3,12,2,3E,3月,住戶電費,收入,960,, 960 
3/12/25,3,12,2,1C,3月,租金,收入,4500,," 4,500 "
3/12/25,3,12,2,1C,3月,住戶電費,收入,560,, 560 
3/12/25,3,12,6,1D,3月,租金,收入,4500,," 4,500 "
3/12/25,3,12,6,1D,3月,住戶電費,收入,630,, 630 
3/12/25,3,12,2,1D,3月,租金,收入,4500,," 4,500 "
3/12/25,3,12,2,1D,3月,住戶電費,收入,570,, 570 
3/15/25,3,15,149,2A,3月,租金,收入,4200,," 4,200 "
3/15/25,3,15,149,2A,3月,住戶電費,收入,620,, 620 
3/15/25,3,15,2,4B,3月,租金,收入,4200,," 4,200 "
3/15/25,3,15,2,4B,3月,住戶電費,收入,240,, 240 
3/15/25,3,15,147,2A,3月,住戶電費,收入,150,, 150 
3/17/25,3,17,,,,其他,支出,6000,清洗水塔*6個," (6,000)"
3/17/25,3,17,149,3A,3月,租金,收入,5000,," 5,000 "
3/17/25,3,17,149,3A,3月,住戶電費,收入,600,, 600 
3/17/25,3,17,2,4A,3月,租金,收入,4500,," 4,500 "
3/17/25,3,17,6,4C,3月,住戶電費,收入,1080,," 1,080 "
3/18/25,3,18,2,4E,3月,租金,收入,4500,," 4,500 "
3/18/25,3,18,2,4E,3月,住戶電費,收入,600,, 600 
3/18/25,3,18,,,,,支出,150,"匯費2/3.5.14,20,27", (150)
3/18/25,3,18,6,1B,,維修費,支出,400,房間燈維修, (400)
3/19/25,3,19,149,2C,3月,租金,收入,4700,," 4,700 "
3/19/25,3,19,6,1B,3月,租金,收入,4500,," 4,500 "
3/19/25,3,19,6,1B,,押金,收入,9000,," 9,000 "
3/19/25,3,19,,,,匯馬玲帳戶,支出,50000,," (50,000)"
3/19/25,3,19,2,4c,3月,租金,收入,4300,," 4,300 "
3/19/25,3,19,2,4c,3月,住戶電費,收入,1070,," 1,070 "
3/19/25,3,19,6,4c,,維修費,支出,4000,房間粉刷," (4,000)"
3/20/25,3,20,2,3D,,水費,收入,600,1--3月, 600 
3/20/25,3,20,2,2D,3月,租金,收入,4500,," 4,500 "
3/20/25,3,20,2,2D,3月,住戶電費,收入,720,, 720 
3/21/25,3,21,2,5D,3月,租金,收入,4500,," 4,500 "
3/21/25,3,21,2,5D,3月,住戶電費,收入,1260,," 1,260 "
3/22/25,3,22,6,2C,3月,租金,收入,3500,," 3,500 "
3/22/25,3,22,6,2C,3月,住戶電費,收入,1530,," 1,530 "
3/22/25,3,22,6,2B,3月,租金,收入,4500,," 4,500 "
3/23/25,3,23,2,5C,3月,租金,收入,4500,," 4,500 "
3/23/25,3,23,2,5C,3月,住戶電費,收入,240,, 240 
3/23/25,3,23,147,5B,12月,租金,收入,4500,," 4,500 "
3/24/25,3,24,6,1A,3月,租金,收入,4500,," 4,500 "
3/24/25,3,24,6,1A,3月,住戶電費,收入,120,, 120 
3/24/25,3,24,2,1D,4月,租金,收入,4500,," 4,500 "
3/24/25,3,24,2,1D,,押金,收入,9000,," 9,000 "
3/25/25,3,25,,,,匯馬玲帳戶,支出,50000,," (50,000)"
3/25/25,3,25,2,5C,,介紹費,支出,2000,," (2,000)"
3/25/25,3,25,6,1E,3月,租金,收入,4500,," 4,500 "
3/25/25,3,25,6,1E,3月,住戶電費,收入,420,, 420 
3/25/25,3,25,147,5A,3月,租金,收入,4500,," 4,500 "
3/25/25,3,25,147,5A,3月,住戶電費,收入,300,, 300 
3/25/25,3,25,147,4B,3月,租金,收入,5000,," 5,000 "
3/25/25,3,25,147,4B,3月,住戶電費,收入,770,, 770 
3/26/25,3,26,2,1D,,退押金,支出,9000,退租," (9,000)"
3/26/25,3,26,2,1D,,住戶電費,收入,585,退租3/1/--3/25, 585 
3/26/25,3,26,2,3B,3月,租金,收入,4300,," 4,300 "
3/26/25,3,26,2,3B,3月,住戶電費,收入,210,, 210 
3/27/25,3,27,2,,,新設備,支出,6300,讀卡機," (6,300)"
3/28/25,3,28,6,3E,,維修費,支出,600,T5燈管維修, (600)
3/28/25,3,28,2,5A,3月,租金,收入,4000,," 4,000 "
3/28/25,3,28,2,5A,3月,住戶電費,收入,330,, 330 
3/28/25,3,28,2,4D,,押金,收入,9000,," 9,000 "
3/28/25,3,28,2,4D,3月,租金,收入,4500,," 4,500 "
3/29/25,3,29,2,3C,3月,租金,收入,4500,," 4,500 "
3/29/25,3,29,2,3C,3月,住戶電費,收入,900,, 900 
3/29/25,3,29,2,5B,3月,租金,收入,4500,," 4,500 "
3/29/25,3,29,2,5B,3月,住戶電費,收入,540,, 540 
3/29/25,3,29,147,3B,,新設備,支出,5300,床墊," (5,300)"
3/29/25,3,29,147,5B,2月,住戶電費,收入,670,, 670 
3/29/25,3,29,147,5B,3月,住戶電費,收入,600,, 600 
3/31/25,3,31,,,,匯馬玲帳戶,支出,50000,," (50,000)"
3/31/25,3,31,6,3B,3月,租金,收入,4500,," 4,500 "
3/31/25,3,31,6,3B,3月,住戶電費,收入,310,, 310 
3/31/25,3,31,6,4C,3月,租金,收入,3500,," 3,500 "
3/31/25,3,31,6,1B,3月,住戶電費,收入,120,, 120 
3/31/25,3,31,6,4C,,新設備,支出,2000,床架," (2,000)"
3/31/25,3,31,2,2C,3月,租金,收入,4000,," 4,000 "
3/31/25,3,31,2,2C,3月,住戶電費,收入,180,, 180 
3/31/25,3,31,2,2C,2月,住戶電費,收入,270,, 270 
3/31/25,3,31,2,2C,,退押金,支出,8000,退租," (8,000)"
3/31/25,3,31,6,4A,3月,租金,收入,4200,," 4,200 "
3/31/25,3,31,6,4A,3月,住戶電費,收入,1530,," 1,530 "
3/31/25,3,31,6,4A,,水費,收入,600,, 600 
4/1/25,4,1,6,2E,4月,租金,收入,4500,," 4,500 "
4/1/25,4,1,6,2E,4月,住戶電費,收入,680,, 680 
4/2/25,4,2,,,,其他,支出,750,拜地基主, (750)
4/3/25,4,3,149,5B,4月,租金,收入,4200,," 4,200 "
4/3/25,4,3,149,5B,4月,住戶電費,收入,1090,," 1,090 "
4/3/25,4,3,147,,4月,租金,收入,9000,店面," 9,000 "
4/5/25,4,5,2,4B,4月,租金,收入,4200,," 4,200 "
4/5/25,4,5,2,4B,4月,住戶電費,收入,300,, 300 
4/7/25,4,7,6,5F,4月,租金,收入,4200,," 4,200 "
4/7/25,4,7,6,5F,4月,住戶電費,收入,330,, 330 
4/7/25,4,7,2,3A,4月,租金,收入,4200,," 4,200 "
4/7/25,4,7,2,3A,4月,住戶電費,收入,630,, 630 
4/8/25,4,8,147,3A,,退押金,支出,10000,退租," (10,000)"
4/8/25,4,8,147,3A,4月,住戶電費,收入,670,退租, 670 
4/9/25,4,9,,,3月,管理員薪水,支出,28000,," (28,000)"
4/9/25,4,9,6,3E,,維修費,支出,500,浴室燈維修, (500)
4/9/25,4,9,149,,,大樓電費支出,支出,323,1F, (323)
4/9/25,4,9,149,,,維修費,支出,500,2.樓偵煙器維修, (500)
4/9/25,4,9,2,2C,4月,住戶電費,收入,60,, 60 
4/10/25,4,10,,,,其他,支出,60,3 變2插頭, (60)
4/10/25,4,10,2,3D,4月,租金,收入,4300,," 4,300 "
4/10/25,4,10,2,3D,4月,住戶電費,收入,900,, 900 
4/19/25,4,19,2,3D,4月,水費,收入,200,, 200 
4/10/25,4,10,6,3F,4月,租金,收入,4500,," 4,500 "
4/10/25,4,10,6,3F,4月,住戶電費,收入,680,, 680 
4/10/25,4,10,2,2A,4月,租金,收入,4200,," 4,200 "
4/10/25,4,10,2,2A,4月,住戶電費,收入,430,, 430 
4/10/25,4,10,2,2E,4月,租金,收入,4500,," 4,500 "
4/10/25,4,10,2,2E,4月,住戶電費,收入,750,, 750 
4/11/25,4,11,6,1C,4月,租金,收入,3500,," 3,500 "
4/11/25,4,11,6,1C,4月,住戶電費,收入,480,, 480 
4/11/25,4,11,149,5A,4月,租金,收入,4200,," 4,200 "
4/11/25,4,11,149,5A,4月,住戶電費,收入,850,, 850 
4/11/25,4,11,2,1A,4月,租金,收入,4200,," 4,200 "
4/11/25,4,11,2,1A,4月,住戶電費,收入,335,, 335 
4/11/25,4,11,,,,匯馬玲帳戶,支出,50000,," (50,000)"
4/11/25,4,11,2,5E,4月,租金,收入,4500,," 4,500 "
4/11/25,4,11,2,5E,4月,住戶電費,收入,330,, 330 
4/11/25,4,11,,,,其他,支出,120,匯費3/11.18.25.31, (120)
4/11/25,4,11,6,1B,,介紹費,支出,2000,," (2,000)"
4/11/25,4,11,147,5A,4月,租金,收入,4500,," 4,500 "
4/11/25,4,11,147,5A,4月,住戶電費,收入,570,, 570 
4/12/25,4,12,6,1B,4月,租金,收入,4500,," 4,500 "
4/14/25,4,14,6,1B,4月,住戶電費,收入,590,, 590 
4/12/25,4,12,149,2A,4月,租金,收入,4200,," 4,200 "
4/12/25,4,12,149,2A,4月,住戶電費,收入,685,, 685 
4/13/25,4,13,6,1D,4月,租金,收入,4500,," 4,500 "
4/13/25,4,13,6,1D,4月,住戶電費,收入,770,, 770 
4/13/25,4,13,147,4B,4月,租金,收入,5000,," 5,000 "
4/13/25,4,13,147,4B,4月,住戶電費,收入,900,, 900 
4/13/25,4,13,2,4E,4月,租金,收入,4500,," 4,500 "
4/13/25,4,13,2,4E,4月,住戶電費,收入,815,, 815 
4/13/25,4,13,149,4B,4月,住戶電費,收入,1010,," 1,010 "
4/13/25,4,13,6,5D,4月,住戶電費,收入,650,, 650 
4/14/25,4,14,149,2B,4月,租金,收入,4800,," 4,800 "
4/14/25,4,14,149,2B,4月,住戶電費,收入,720,, 720 
4/14/25,4,14,2,3E,4月,租金,收入,4300,," 4,300 "
4/14/25,4,14,2,3E,4月,住戶電費,收入,1080,," 1,080 "
4/14/25,4,14,6,2A,,介紹費,支出,2000,," (2,000)"
4/14/25,4,14,6,4B,,介紹費,支出,2000,," (2,000)"
4/14/25,4,14,6,1E,,退押金,支出,8600,退租," (8,600)"
4/14/25,4,14,6,1E,4月,住戶電費,收入,395,退租, 395 
4/14/25,4,14,149,3B,4月,租金,收入,5000,," 5,000 "
4/14/25,4,14,149,3B,4月,住戶電費,收入,920,, 920 
4/14/25,4,14,147,3B,4月,租金,收入,5000,," 5,000 "
4/14/25,4,14,147,3B,4月,住戶電費,收入,1360,," 1,360 "
4/14/25,4,14,2,5D,4月,租金,收入,4500,," 4,500 "
4/14/25,4,14,2,5D,4月,住戶電費,收入,890,, 890 
4/14/25,4,14,,,,管理員獎金,支出,8000,空房獎金," (8,000)"
4/15/25,4,15,,,,匯馬玲帳戶,支出,50000,," (50,000)"
4/15/25,4,15,147,4A,3月,租金,收入,5000,," 5,000 "
4/15/25,4,15,147,4A,3月,住戶電費,收入,990,, 990 
4/15/25,4,15,2,,,維修費,支出,5900,烘衣機維修," (5,900)"
4/15/25,4,15,149,2C,,退押金,支出,8000,退租," (8,000)"
4/15/25,4,15,2,4A,4月,租金,收入,4500,," 4,500 "
4/15/25,4,15,2,4A,4月,住戶電費,收入,960,, 960 
4/15/25,4,15,149,3A,4月,租金,收入,5000,," 5,000 "
4/15/25,4,15,149,3A,4月,住戶電費,收入,780,, 780 
4/16/25,4,16,2,1C,4月,租金,收入,4500,," 4,500 "
4/16/25,4,16,2,1C,4月,住戶電費,收入,450,, 450 
4/16/25,4,16,6,1E,,住戶電費,收入,240,退租4/1/-4/14, 240 
4/16/25,4,16,6,2F,1月,租金,收入,4000,," 4,000 "
4/16/25,4,16,6,2F,1月,住戶電費,收入,290,, 290 
4/17/25,4,17,6,4F,4月,租金,收入,4500,," 4,500 "
4/17/25,4,17,6,4F,4月,住戶電費,收入,820,, 820 
4/17/25,4,17,2,3B,4月,租金,收入,4500,," 4,500 "
4/17/25,4,17,2,3B,4月,住戶電費,收入,180,, 180 
4/17/25,4,17,2,4C,4月,租金,收入,4300,," 4,300 "
4/17/25,4,17,2,4C,4月,住戶電費,收入,900,, 900 
4/20/25,4,20,147,5B,1月,租金,收入,4300,," 4,300 "
4/20/25,4,20,147,5B,4月,住戶電費,收入,730,, 730 
4/21/25,4,21,2,2D,4月,租金,收入,4500,," 4,500 "
4/21/25,4,21,2,2D,4月,住戶電費,收入,480,, 480 
4/21/25,4,21,2,5A,,維修費,支出,500,電燈, (500)
4/23/25,4,23,147,2A,,退押金,支出,10000,退租," (10,000)"
4/23/25,4,23,147,2A,,,支出,5000,退4月租金," (5,000)"
4/24/25,4,24,2,5C,4月,租金,收入,4500,," 4,500 "
4/24/25,4,24,2,5C,4月,住戶電費,收入,570,, 570 
4/25/25,4,25,6,3B,4月,租金,收入,4500,," 4,500 "
4/25/25,4,25,6,3B,4月,住戶電費,收入,550,, 550 
4/25/25,4,25,147,2A,4月,住戶電費,收入,150,, 150 
4/25/25,4,25,6,2F,2月,住戶電費,收入,370,, 370 
4/25/25,4,25,6,2F,3月,住戶電費,收入,260,, 260 
4/25/25,4,25,6,1A,4月,租金,收入,4500,," 4,500 "
4/25/25,4,25,6,1A,4月,住戶電費,收入,95,, 95 
4/25/25,4,25,6,4C,4月,租金,收入,3500,," 3,500 "
4/25/25,4,25,6,4C,4月,住戶電費,收入,280,, 280 
4/26/25,4,26,2,3C,4月,租金,收入,4500,," 4,500 "
4/26/25,4,26,2,3C,4月,住戶電費,收入,1050,," 1,050 "
4/26/25,4,26,6,2C,4月,租金,收入,3500,," 3,500 "
4/26/25,4,26,6,2C,4月,住戶電費,收入,1270,," 1,270 "
4/28/25,4,28,6,2B,3月,住戶電費,收入,1165,," 1,165 "
4/28/25,4,28,6,2B,4月,租金,收入,4500,," 4,500 "
4/28/25,4,28,6,2B,4月,住戶電費,收入,1140,," 1,140 "
4/29/25,4,29,2,5B,4月,租金,收入,4500,," 4,500 "
4/29/25,4,29,2,5B,4月,住戶電費,收入,570,, 570 
4/29/25,4,29,2,4D,,退押金,支出,9000,退租," (9,000)"
4/29/25,4,29,2,4D,5月,住戶電費,收入,395,, 395 
4/29/25,4,29,2,4D,4月,住戶電費,收入,60,2025/3/28-3/31, 60 
4/29/25,4,29,,,,匯馬玲帳戶,支出,50000,," (50,000)"
4/30/25,4,30,2,5A,4月,租金,收入,4000,," 4,000 "
4/30/25,4,30,2,5A,4月,住戶電費,收入,430,, 430 
4/30/25,4,30,147,5B,2月,租金,收入,4300,," 4,300 "
4/30/25,4,30,6,2F,2月,租金,收入,4000,," 4,000 "
4/30/25,4,30,6,4A,4月,租金,收入,4200,," 4,200 "
4/30/25,4,30,6,4A,4月,水費,收入,200,, 200 
5/1/25,5,1,147,,5月,租金,收入,9000,店面," 9,000 "
5/1/25,5,1,6,5F,5月,租金,收入,4200,," 4,200 "
5/1/25,5,1,6,5F,5月,住戶電費,收入,360,, 360 
5/2/25,5,2,149,5B,5月,租金,收入,4200,," 4,200 "
5/1/25,5,1,149,5B,5月,住戶電費,收入,750,, 750 
5/3/25,5,3,149,2A,5月,租金,收入,4200,," 4,200 "
5/3/25,5,3,149,2A,5月,住戶電費,收入,660,, 660 
5/3/25,5,3,6,1E,5月,租金,收入,4500,," 4,500 "
5/3/25,5,3,6,1E,5月,押金,收入,9000,," 9,000 "
5/5/25,5,5,2,3D,5月,租金,收入,4300,," 4,300 "
5/5/25,5,5,2,3D,5月,住戶電費,收入,1010,," 1,010 "
5/5/25,5,5,2,3D,5月,水費,收入,200,, 200 
5/5/25,5,5,147,4B,5月,租金,收入,5000,," 5,000 "
5/5/25,5,5,147,4B,5月,住戶電費,收入,960,, 960 
5/5/25,5,5,2,5A,5月,租金,收入,4000,," 4,000 "
5/5/25,5,5,2,5A,5月,住戶電費,收入,570,, 570 
5/6/25,5,6,2,3B,5月,租金,收入,4500,," 4,500 "
5/6/25,5,6,2,3B,5月,住戶電費,收入,360,, 360 
5/6/25,5,6,6,4F,5月,租金,收入,4500,," 4,500 "
5/6/25,5,6,6,4F,5月,住戶電費,收入,770,, 770 
5/7/25,5,7,149,3B,5月,租金,收入,5000,," 5,000 "
5/7/25,5,7,149,3B,5月,住戶電費,收入,1020,," 1,020 "
5/7/25,5,7,,,,匯馬玲帳戶,支出,50000,," (50,000)"
5/8/25,5,8,2,1A,5月,租金,收入,4200,," 4,200 "
5/8/25,5,8,2,1A,5月,住戶電費,收入,250,, 250 
5/9/25,5,9,6,1C,5月,租金,收入,3500,," 3,500 "
5/9/25,5,9,6,1C,5月,住戶電費,收入,470,, 470 
5/10/25,5,10,2,2E,5月,租金,收入,4500,," 4,500 "
5/10/25,5,10,2,2E,5月,住戶電費,收入,1060,," 1,060 "
5/10/25,5,10,6,5D,5月,住戶電費,收入,660,, 660 
5/10/25,5,10,6,2E,5月,租金,收入,4500,," 4,500 "
5/10/25,5,10,6,2E,5月,住戶電費,收入,530,, 530 
5/11/25,5,11,6,1D,5月,租金,收入,4500,," 4,500 "
5/11/25,5,11,6,1D,5月,住戶電費,收入,900,, 900 
5/11/25,5,11,,,4月,管理員薪水,支出,28000,," (28,000)"
5/11/25,5,11,6,3F,5月,租金,收入,4500,," 4,500 "
5/11/25,5,11,6,3F,5月,住戶電費,收入,510,, 510 
5/11/25,5,11,2,4E,5月,租金,收入,4500,," 4,500 "
5/11/25,5,11,2,4E,5月,住戶電費,收入,810,, 810 
5/11/25,5,11,6,5F,,維修費,支出,500,偵煙器電池更換, (500)
5/11/25,5,11,2,5E,5月,租金,收入,4500,," 4,500 "
5/11/25,5,11,2,5E,5月,住戶電費,收入,510,, 510 
5/12/25,5,12,149,5A,5月,租金,收入,4200,," 4,200 "
5/12/25,5,12,149,5A,5月,住戶電費,收入,840,, 840 
5/12/25,5,12,6,4E,5月,住戶電費,收入,180,, 180 
5/12/25,5,12,6,4E,4月,住戶電費,收入,290,, 290 
5/12/25,5,12,6,4E,3月,住戶電費,收入,265,, 265 
5/12/25,5,12,6,4E,,租金,收入,12600,季繳5-7月," 12,600 "
5/12/25,5,12,2,3E,5月,租金,收入,4300,," 4,300 "
5/12/25,5,12,2,3E,5月,住戶電費,收入,990,, 990 
5/12/25,5,12,,,,日常用品,支出,270,契約書影印, (270)
5/12/25,5,12,149,,,維修費,支出,590,鋁門維修, (590)
5/13/25,5,13,2,1D,5月,租金,收入,4500,," 4,500 "
5/13/25,5,13,2,1D,5月,住戶電費,收入,970,, 970 
5/13/25,5,13,2,1D,4月,住戶電費,收入,120,, 120 
5/13/25,5,13,,,,匯馬玲帳戶,支出,50000,," (50,000)"
5/13/25,5,13,6,1B,5月,租金,收入,4500,," 4,500 "
5/13/25,5,13,6,1B,5月,住戶電費,收入,1050,," 1,050 "
5/13/25,5,13,2,2A,5月,租金,收入,4200,," 4,200 "
5/13/25,5,13,2,2A,5月,住戶電費,收入,630,, 630 
5/14/25,5,14,2,1D,,介紹費,支出,2000,," (2,000)"
5/14/25,5,14,,,4月,管理員獎金,支出,8000,空房獎金," (8,000)"
5/12/25,5,12,2,2C,,押金,收入,4500,," 4,500 "
5/12/25,5,12,2,2C,5月,租金,收入,4500,," 4,500 "
5/12/25,5,12,2,4D,,押金,收入,4500,," 4,500 "
5/12/25,5,12,2,4D,5月,租金,收入,4500,," 4,500 "
5/12/25,5,12,147,3B,5月,租金,收入,5000,," 5,000 "
5/12/25,5,12,147,3B,5月,住戶電費,收入,1360,," 1,360 "
5/14/25,5,14,6,,,維修費,支出,500,偵煙器電池更換, (500)
5/14/25,5,14,6,,,維修費,支出,30660,電梯變頻器," (30,660)"
5/14/25,5,14,6,,,維修費,支出,3360,電梯軌道油," (3,360)"
5/14/25,5,14,149,2B,,維修費,支出,1500,冷氣," (1,500)"
5/14/25,5,14,2,3C,,新設備,支出,4500,床墊," (4,500)"
5/14/25,5,14,2,4D,,新設備,支出,4500,床墊," (4,500)"
5/14/25,5,14,2,1C,5月,租金,收入,4500,," 4,500 "
5/14/25,5,14,2,1C,5月,住戶電費,收入,150,, 150 
5/14/25,5,14,2,3A,5月,租金,收入,4200,," 4,200 "
5/14/25,5,14,2,3A,5月,住戶電費,收入,810,, 810 
5/15/25,5,15,2,4A,5月,租金,收入,4500,," 4,500 "
5/15/25,5,15,2,4A,5月,住戶電費,收入,890,, 890 
5/15/25,5,15,2,4C,5月,租金,收入,4300,," 4,300 "
5/15/25,5,15,2,4C,5月,住戶電費,收入,730,, 730 
5/16/25,5,16,147,3B,,維修費,支出,1200,電熱水器," (1,200)"
5/16/25,5,16,2,4D,,維修費,支出,500,面盆, (500)
5/16/25,5,16,6,4A,4月,住戶電費,收入,1350,," 1,350 "
5/15/25,5,15,2,4A,,維修費,支出,640,電燈, (640)
5/16/25,5,16,2,4B,5月,租金,收入,4200,," 4,200 "
5/16/25,5,16,2,4B,5月,住戶電費,收入,670,, 670 
5/17/25,5,17,2,5C,5月,租金,收入,4500,," 4,500 "
5/17/25,5,17,2,5C,5月,住戶電費,收入,960,, 960 
5/17/25,5,17,147,5A,5月,租金,收入,4500,," 4,500 "
5/17/25,5,17,147,5A,5月,住戶電費,收入,1055,," 1,055 "
5/17/25,5,17,,,,其他,支出,1440,冷氣搖控器," (1,440)"
5/19/25,5,19,6,1A,5月,租金,收入,4500,," 4,500 "
5/19/25,5,19,6,1A,5月,住戶電費,收入,140,, 140 
5/20/25,5,20,,,,日常用品,支出,1120,燈泡," (1,120)"
5/20/25,5,20,,,,日常用品,支出,1200,燈管LED /30CM," (1,200)"
5/21/25,5,21,149,2B,5月,住戶電費,收入,570,, 570 
5/21/25,5,21,149,2C,5月,住戶電費,收入,300,, 300 
5/21/25,5,21,149,2C,5月,租金,收入,5000,," 5,000 "
5/21/25,5,21,149,4B,5月,住戶電費,收入,1260,," 1,260 "
5/21/25,5,21,149,3A,5月,租金,收入,5000,," 5,000 "
5/21/25,5,21,149,3A,5月,住戶電費,收入,770,, 770 
5/21/25,5,21,149,2B,,押金,收入,9600,," 9,600 "
5/21/25,5,21,149,2B,5月,租金,收入,4800,," 4,800 "
5/22/25,5,22,6,3B,5月,租金,收入,4500,," 4,500 "
5/22/25,5,22,6,3B,5月,住戶電費,收入,500,, 500 
5/23/25,5,23,6,2C,5月,租金,收入,3500,," 3,500 "
5/23/25,5,23,6,2C,5月,住戶電費,收入,1650,," 1,650 "
5/23/25,5,23,2,2D,5月,租金,收入,4500,," 4,500 "
5/23/25,5,23,2,2D,5月,住戶電費,收入,460,, 460 
5/26/25,5,26,147,4A,4月,租金,收入,5000,," 5,000 "
5/26/25,5,26,147,4A,4月,住戶電費,收入,1535,," 1,535 "
5/26/25,5,26,,,,匯馬玲帳戶,支出,50000,," (50,000)"
5/26/25,5,26,6,4B,,維修費,支出,900,LED 4尺一組, (900)
5/28/25,5,28,2,3C,5月,租金,收入,4500,," 4,500 "
5/28/25,5,28,2,3C,5月,住戶電費,收入,1140,," 1,140 "
5/29/25,5,29,2,5D,5月,租金,收入,4500,," 4,500 "
5/29/25,5,29,2,5D,5月,住戶電費,收入,630,, 630 
5/29/25,5,29,2,5A,,退押金,支出,8000,退租," (8,000)"
5/29/25,5,29,,,,管理員獎金,支出,1000,端午節金," (1,000)"
5/31/25,5,31,147,5B,3月,租金,收入,4500,," 4,500 "
5/31/25,5,31,147,5B,5月,住戶電費,收入,770,, 770 
5/31/25,5,31,147,2A,,押金,收入,10000,," 10,000 "
5/31/25,5,31,147,2A,         6月,租金,收入,5000,," 5,000 "
5/31/25,5,31,6,4A,5月,租金,收入,4200,," 4,200 "
5/31/25,5,31,6,4C,5月,租金,收入,3500,," 3,500 "
5/31/25,5,31,6,4C,5月,住戶電費,收入,240,, 240 
5/31/25,5,31,6,2B,5月,租金,收入,4500,," 4,500 "
5/31/25,5,31,6,2B,5月,住戶電費,收入,1120,," 1,120 "
5/31/25,5,31,6,2F,3月,租金,收入,4200,," 4,200 "
6/1/25,6,1,2,5A,6月,住戶電費,收入,780,, 780 
6/1/25,6,1,149,,,大樓電費支出,支出,373,, (373)
6/3/25,6,3,,,,匯馬玲帳戶,支出,50000,," (50,000)"
6/4/25,6,4,147,,6月,租金,收入,9000,店面," 9,000 "
6/4/25,6,4,6,2E,6月,租金,收入,4500,," 4,500 "
6/4/25,6,4,6,2E,6月,住戶電費,收入,700,, 700 
6/4/25,6,4,149,5B,6月,租金,收入,4200,," 4,200 "
6/4/25,6,4,149,5B,6月,住戶電費,收入,1140,," 1,140 "
6/5/25,6,5,6,5F,6月,租金,收入,4200,," 4,200 "
6/5/25,6,5,6,5F,6月,住戶電費,收入,755,, 755 
6/5/25,6,5,149,3B,6月,租金,收入,5000,," 5,000 "
6/5/25,6,5,149,3B,6月,住戶電費,收入,1320,," 1,320 "
6/5/25,6,5,6,1E,6月,租金,收入,4500,," 4,500 "
6/5/25,6,5,6,1E,6月,住戶電費,收入,935,, 935 
6/6/25,6,6,,,,其他,支出,350,葯用酒精, (350)
6/6/25,6,6,2,5E,6月,租金,收入,4500,," 4,500 "
6/6/25,6,6,2,5E,6月,住戶電費,收入,1100,," 1,100 "
6/7/25,6,7,6,1E,,介紹費,支出,2000,," (2,000)"
6/7/25,6,7,2,3D,6月,租金,收入,4300,," 4,300 "
6/7/25,6,7,2,3D,6月,住戶電費,收入,1140,," 1,140 "
6/7/25,6,7,2,3D,6月,水費,收入,200,, 200 
6/7/25,6,7,147,4A,,退押金,支出,10000,退租," (10,000)"
6/7/25,6,7,147,4A,5月,租金,收入,5000,," 5,000 "
6/7/25,6,7,147,4A,5月,住戶電費,收入,2580,," 2,580 "
6/7/25,6,7,147,4A,6月,住戶電費,收入,3500,," 3,500 "
6/7/25,6,7,149,2A,6月,租金,收入,4200,," 4,200 "
6/7/25,6,7,149,2A,6月,住戶電費,收入,1080,," 1,080 "
6/7/25,6,7,2,1A,6月,租金,收入,4200,," 4,200 "
6/7/25,6,7,2,1A,6月,住戶電費,收入,600,, 600 
6/7/25,6,7,6,5D,6月,住戶電費,收入,1435,," 1,435 "
6/8/25,6,8,6,4F,6月,租金,收入,4500,," 4,500 "
6/8/25,6,8,6,4F,6月,住戶電費,收入,830,, 830 
6/9/25,6,9,2,2A,6月,租金,收入,4200,," 4,200 "
6/9/25,6,9,2,2A,6月,住戶電費,收入,1560,," 1,560 "
6/10/25,6,10,6,1B,6月,租金,收入,4500,," 4,500 "
6/10/25,6,10,6,1B,6月,住戶電費,收入,805,, 805 
6/10/25,6,10,,,5月,管理員薪水,支出,28000,," (28,000)"
6/10/25,6,10,,,,匯馬玲帳戶,支出,50000,," (50,000)"
6/11/25,6,11,6,3F,6月,租金,收入,4500,," 4,500 "
6/11/25,6,11,6,3F,6月,住戶電費,收入,1200,," 1,200 "
6/11/25,6,11,6,4C,6月,租金,收入,3500,," 3,500 "
6/11/25,6,11,6,4C,6月,住戶電費,收入,530,, 530 
6/11/25,6,11,2,3E,6月,租金,收入,4300,," 4,300 "
6/11/25,6,11,2,3E,6月,住戶電費,收入,1020,," 1,020 "
6/12/25,6,12,147,4B,6月,租金,收入,5000,," 5,000 "
6/12/25,6,12,147,4B,6月,住戶電費,收入,1430,," 1,430 "
6/12/25,6,12,,,,匯馬玲帳戶,支出,50000,," (50,000)"
6/12/25,6,12,6,1D,6月,租金,收入,4500,," 4,500 "
6/12/25,6,12,6,1D,6月,住戶電費,收入,1560,," 1,560 "
6/12/25,6,12,149,2C,6月,租金,收入,5000,," 5,000 "
6/12/25,6,12,149,2C,6月,住戶電費,收入,1200,," 1,200 "
6/12/25,6,12,2,3A,6月,租金,收入,4200,," 4,200 "
6/12/25,6,12,2,3A,6月,住戶電費,收入,990,, 990 
6/12/25,6,12,2,2E,6月,租金,收入,4500,," 4,500 "
6/12/25,6,12,2,2E,6月,住戶電費,收入,1610,," 1,610 "
6/12/25,6,12,2,2C,,退押金,支出,9000,," (9,000)"
6/12/25,6,12,2,2C,6月,住戶電費,收入,660,, 660 
6/12/25,6,12,2,2C,6月,住戶電費,收入,645,, 645 
6/13/25,6,13,2,4D,,押金,收入,4500,," 4,500 "
6/13/25,6,13,2,4D,6月,租金,收入,4500,," 4,500 "
6/13/25,6,13,2,4D,6月,住戶電費,收入,895,, 895 
6/13/25,6,13,2,1D,6月,租金,收入,4500,," 4,500 "
6/13/25,6,13,2,1D,6月,住戶電費,收入,1630,," 1,630 "
6/13/25,6,13,2,1C,6月,租金,收入,4500,," 4,500 "
6/13/25,6,13,2,1C,6月,住戶電費,收入,240,, 240 
6/13/25,6,13,,,,管理員獎金,支出,8000,空房獎金," (8,000)"
6/13/25,6,13,147,5B,,退押金,支出,9000,退租," (9,000)"
6/13/25,6,13,147,5B,4月,租金,收入,4500,," 4,500 "
6/13/25,6,13,147,5B,5月,租金,收入,4500,," 4,500 "
6/13/25,6,13,147,5B,6月,住戶電費,收入,2070,退租," 2,070 "
6/11/25,6,11,147,5B,,住戶電費,收入,1330,退租6/1-6/13," 1,330 "
6/11/25,6,11,,,,其他,支出,1500,水塔維修," (1,500)"
6/11/25,6,11,149,5A,6月,租金,收入,4200,," 4,200 "
6/12/25,6,12,149,5A,6月,住戶電費,收入,1360,," 1,360 "
6/12/25,6,12,2,5A,,押金,收入,9000,," 9,000 "
6/13/25,6,13,2,5A,6月,租金,收入,4500,," 4,500 "
6/14/25,6,14,,,,匯馬玲帳戶,支出,50000,," (50,000)"
6/14/25,6,14,2,4A,6月,租金,收入,4500,," 4,500 "
6/14/25,6,14,2,4A,6月,住戶電費,收入,770,, 770 
6/14/25,6,14,2,4C,6月,租金,收入,4300,," 4,300 "
6/16/25,6,16,2,4C,6月,住戶電費,收入,1060,," 1,060 "
6/17/25,6,17,2,4D,,介紹費,支出,2000,," (2,000)"
6/17/25,6,17,147,3B,,退押金,支出,10000,退租," (10,000)"
6/17/25,6,17,147,3B,6月,住戶電費,收入,1990,退租," 1,990 "
6/17/25,6,17,2,3B,6月,租金,收入,4500,," 4,500 "
6/18/25,6,18,2,3B,6月,住戶電費,收入,490,, 490 
6/18/25,6,18,149,3A,6月,租金,收入,5000,," 5,000 "
6/18/25,6,18,149,3A,6月,住戶電費,收入,1370,," 1,370 "
6/18/25,6,18,149,4B,6月,住戶電費,收入,1800,," 1,800 "
6/18/25,6,18,147,5A,6月,租金,收入,4500,," 4,500 "
6/18/25,6,18,147,5A,6月,住戶電費,收入,1535,," 1,535 "
6/18/25,6,18,2,4B,6月,租金,收入,4200,," 4,200 "
6/18/25,6,18,2,4B,6月,住戶電費,收入,985,, 985 
6/19/25,6,19,147,3B,,住戶電費,收入,520,退租6/1-6/12, 520 
6/19/25,6,19,6,4A,5月,住戶電費,收入,1050,," 1,050 "
6/20/25,6,20,6,4A,5月,水費,收入,200,, 200 
6/20/25,6,20,2,5C,6月,租金,收入,4500,," 4,500 "
6/20/25,6,20,2,5C,6月,住戶電費,收入,2290,," 2,290 "
6/20/25,6,20,6,,,維修費,支出,700,鐵門, (700)
6/21/25,6,21,2,4B,,維修費,支出,600,馬桶維修, (600)
6/21/25,6,21,6,1C,6月,租金,收入,3500,," 3,500 "
6/23/25,6,23,6,1C,6月,住戶電費,收入,870,, 870 
6/23/25,6,23,6,1A,6月,租金,收入,4500,," 4,500 "
6/23/25,6,23,6,1A,6月,住戶電費,收入,325,, 325 
6/23/25,6,23,6,3B,6月,租金,收入,4500,," 4,500 "
6/23/25,6,23,6,3B,6月,住戶電費,收入,480,, 480 
6/23/25,6,23,2,4E,6月,租金,收入,4500,," 4,500 "
6/24/25,6,24,2,4E,6月,住戶電費,收入,1585,," 1,585 "
6/24/25,6,24,2,5B,6月,租金,收入,4500,," 4,500 "
6/21/25,6,21,6,4E,6月,住戶電費,收入,710,, 710 
6/21/25,6,21,6,2B,,新設備,支出,25000,冷氣," (25,000)"
6/21/25,6,21,147,3B,,押金,收入,10000,," 10,000 "
6/24/25,6,24,147,3B,6月,租金,收入,5000,," 5,000 "
6/24/25,6,24,2,2D,6月,租金,收入,4500,," 4,500 "
6/25/25,6,25,2,2D,6月,住戶電費,收入,510,, 510 
6/25/25,6,25,149,2B,6月,租金,收入,4800,," 4,800 "
6/27/25,6,27,149,2B,6月,住戶電費,收入,395,, 395 
6/17/25,6,17,2,5D,6月,租金,收入,4500,," 4,500 "
6/27/25,6,27,2,5D,6月,住戶電費,收入,1080,," 1,080 "
6/27/25,6,27,2,3C,6月,租金,收入,4500,," 4,500 "
6/27/25,6,27,2,3C,6月,住戶電費,收入,2040,," 2,040 "
6/27/25,6,27,6,2C,6月,租金,收入,3500,," 3,500 "
6/27/25,6,27,6,2C,6月,住戶電費,收入,1910,," 1,910 "
6/28/25,6,28,6,1B,,新設備,支出,25000,冷氣," (25,000)"
6/29/25,6,29,149,2B,,介紹費,支出,2000,," (2,000)"
6/30/25,6,30,2,2E,,新設備,支出,25000,冷氣," (25,000)"
6/30/25,6,30,2,5B,6月,租金,收入,4500,," 4,500 "
6/30/25,6,30,2,5B,6月,住戶電費,收入,1030,," 1,030 "
6/30/25,6,30,6,2B,6月,租金,收入,4500,," 4,500 "
6/30/25,6,30,6,4A,6月,租金,收入,4200,," 4,200 "
6/30/25,6,30,6,4A,6月,住戶電費,收入,1010,," 1,010 "
6/30/25,6,30,6,4A,6月,水費,收入,200,, 200 
7/1/25,6,31,6,2F,4月,租金,收入,4200,," 4,200 "
7/1/25,7,1,147,,7月,租金,收入,9000,店面," 9,000 "
7/2/25,7,2,147,2A,7月,租金,收入,5000,," 5,000 "
7/2/25,7,2,147,2A,7月,住戶電費,收入,1955,," 1,955 "
7/2/25,7,2,2,,,維修費,支出,1500,水塔維修," (1,500)"
7/3/25,7,3,149,4B,,維修費,支出,600,電燈, (600)
7/3/25,7,3,6,5F,7月,租金,收入,4200,," 4,200 "
7/3/25,7,3,6,5F,7月,住戶電費,收入,1230,," 1,230 "
7/3/25,7,3,149,5B,7月,租金,收入,4200,," 4,200 "
7/4/25,7,4,149,5B,7月,住戶電費,收入,1310,," 1,310 "
7/4/25,7,4,2,1A,7月,租金,收入,4200,," 4,200 "
7/5/25,7,5,2,1A,7月,住戶電費,收入,810,, 810 
7/5/25,7,5,6,1E,7月,租金,收入,4500,," 4,500 "
7/8/25,7,8,6,1E,7月,住戶電費,收入,1000,," 1,000 "
7/8/25,7,8,2,3D,7月,租金,收入,4300,," 4,300 "
7/8/25,7,8,2,3D,7月,住戶電費,收入,1230,," 1,230 "
7/8/25,7,8,2,3D,7月,水費,收入,200,, 200 
7/8/25,7,8,6,5D,7月,住戶電費,收入,1430,," 1,430 "
7/8/25,7,8,147,2A,,介紹費,支出,2000,," (2,000)"
7/8/25,7,8,,,6月,管理員薪水,支出,28000,," (28,000)"
7/8/25,7,8,149,3B,7月,租金,收入,5000,," 5,000 "
7/8/25,7,8,149,3B,7月,住戶電費,收入,1400,," 1,400 "
7/8/25,7,8,6,2E,7月,租金,收入,4500,," 4,500 "
7/9/25,7,9,6,2E,7月,住戶電費,收入,840,, 840 
7/9/25,7,9,6,4F,7月,租金,收入,4500,," 4,500 "
7/9/25,7,9,6,4F,7月,住戶電費,收入,740,, 740 
7/9/25,7,9,149,,,維修費,支出,800,1F電燈置換, (800)
7/9/25,7,9,2,2C,,押金,收入,9000,," 9,000 "
7/10/25,7,10,2,2C,7月,租金,收入,4500,," 4,500 "
7/10/25,7,10,149,2A,7月,租金,收入,4200,," 4,200 "
7/10/25,7,10,149,2A,7月,住戶電費,收入,1180,," 1,180 "
7/10/25,7,10,2,3A,7月,租金,收入,4200,," 4,200 "
7/10/25,7,10,2,3A,7月,住戶電費,收入,1390,," 1,390 "
7/10/25,7,10,147,4B,7月,租金,收入,5000,," 5,000 "
7/10/25,7,10,147,4B,7月,住戶電費,收入,1470,," 1,470 "
7/10/25,7,10,149,5A,7月,租金,收入,4200,," 4,200 "
7/12/25,7,12,149,5A,7月,住戶電費,收入,1300,," 1,300 "
7/12/25,7,12,147,5B,,押金,收入,4500,," 4,500 "
7/12/25,7,12,147,5B,7月,租金,收入,4500,," 4,500 "
7/12/25,7,12,2,5A,7月,租金,收入,4500,," 4,500 "
7/12/25,7,12,2,5A,7月,住戶電費,收入,920,, 920 
7/12/25,7,12,6,1B,7月,租金,收入,4500,," 4,500 "
7/12/25,7,12,6,1B,7月,住戶電費,收入,745,, 745 
7/14/25,7,14,2,3C,,維修費,支出,400,馬桶維修, (400)
7/14/25,7,14,6,1D,7月,租金,收入,4500,," 4,500 "
7/14/25,7,14,6,1D,7月,住戶電費,收入,1730,," 1,730 "
7/14/25,7,14,6,3F,7月,租金,收入,4500,," 4,500 "
7/14/25,7,14,6,3F,7月,住戶電費,收入,690,, 690 
7/14/25,7,14,149,2C,7月,租金,收入,5000,," 5,000 "
7/14/25,7,14,149,2C,7月,住戶電費,收入,1670,," 1,670 "
7/14/25,7,14,2,5A,,介紹費,支出,2000,," (2,000)"
7/14/25,7,14,,,,匯馬玲帳戶,支出,50000,," (50,000)"
7/14/25,7,14,,,,管理員獎金,支出,8000,空房獎金," (8,000)"
7/14/25,7,14,2,2E,7月,租金,收入,4500,," 4,500 "
7/14/25,7,14,2,2E,7月,住戶電費,收入,1715,," 1,715 "
7/14/25,7,14,2,4D,7月,租金,收入,4500,," 4,500 "
7/14/25,7,14,2,4D,7月,住戶電費,收入,990,, 990 
7/15/25,7,15,2,5D,7月,租金,收入,4500,," 4,500 "
7/15/25,7,15,2,5D,7月,住戶電費,收入,1250,," 1,250 "
7/15/25,7,15,2,3B,7月,租金,收入,4500,," 4,500 "
7/15/25,7,15,2,3B,7月,住戶電費,收入,360,, 360 
7/16/25,7,16,149,4B,,新設備,支出,29000,冷氣 ," (29,000)"
7/16/25,7,16,2,3E,7月,租金,收入,4300,," 4,300 "
7/16/25,7,16,2,3E,7月,住戶電費,收入,960,, 960 
7/16/25,7,16,2,2A,7月,租金,收入,4200,," 4,200 "
7/16/25,7,16,2,2A,7月,住戶電費,收入,1810,," 1,810 "
7/16/25,7,16,6,4C,7月,租金,收入,3500,," 3,500 "
7/16/25,7,16,6,4C,7月,住戶電費,收入,570,, 570 
7/17/25,7,17,,,,匯馬玲帳戶,支出,50000,," (50,000)"
7/17/25,7,17,2,4B,7月,租金,收入,4200,," 4,200 "
7/17/25,7,17,2,4B,7月,住戶電費,收入,980,, 980 
7/17/25,7,17,149,3A,7月,租金,收入,5000,," 5,000 "
7/17/25,7,17,149,3A,7月,住戶電費,收入,1500,," 1,500 "
7/17/25,7,17,2,4A,7月,租金,收入,4500,," 4,500 "
7/17/25,7,17,2,4A,7月,住戶電費,收入,640,, 640 
7/18/25,7,18,2,1D,7月,租金,收入,4500,," 4,500 "
7/18/25,7,18,2,1D,7月,住戶電費,收入,720,, 720 
7/18/25,7,18,2,1C,7月,租金,收入,4500,," 4,500 "
7/18/25,7,18,2,1C,7月,住戶電費,收入,480,, 480 
7/19/25,7,19,2,4C,7月,租金,收入,4300,," 4,300 "
7/19/25,7,19,2,4C,7月,住戶電費,收入,1080,," 1,080 "
7/19/25,7,19,,,,文具,支出,292,, (292)
7/21/25,7,21,2,5E,7月,租金,收入,4500,," 4,500 "
7/21/25,7,21,2,5E,7月,住戶電費,收入,890,, 890 
7/21/25,7,21,6,1C,7月,租金,收入,3500,," 3,500 "
7/21/25,7,21,6,1C,7月,住戶電費,收入,1055,," 1,055 "
7/22/25,7,22,2,5C,7月,租金,收入,4500,," 4,500 "
7/22/25,7,22,2,5C,7月,住戶電費,收入,1980,," 1,980 "
7/23/25,7,23,2,4E,7月,租金,收入,4500,," 4,500 "
7/23/25,7,23,2,4E,7月,住戶電費,收入,1470,," 1,470 "
7/23/25,7,23,6,1A,7月,租金,收入,4500,," 4,500 "
7/23/25,7,23,6,1A,7月,住戶電費,收入,300,, 300 
7/24/25,7,24,2,2D,7月,租金,收入,4500,," 4,500 "
7/24/25,7,24,2,2D,7月,住戶電費,收入,830,, 830 
7/25/25,7,25,149,2B,7月,租金,收入,4800,," 4,800 "
7/25/25,7,25,149,2B,7月,住戶電費,收入,1560,," 1,560 "
7/26/25,7,26,,,,匯馬玲帳戶,支出,50000,," (50,000)"
7/26/25,7,26,147,3B,7月,租金,收入,5000,," 5,000 "
7/26/25,7,26,147,3B,7月,住戶電費,收入,445,, 445 
7/26/25,7,26,6,3B,7月,租金,收入,4500,," 4,500 "
7/26/25,7,26,6,3B,7月,住戶電費,收入,420,, 420 
7/26/25,7,26,6,2C,7月,租金,收入,3500,," 3,500 "
7/26/25,7,26,6,2C,7月,住戶電費,收入,1770,," 1,770 "
7/26/25,7,26,149,,,大樓電費支出,支出,453,, (453)
7/26/25,7,26,2,3C,7月,租金,收入,4500,," 4,500 "
7/26/25,7,26,2,3C,7月,住戶電費,收入,2110,," 2,110 "
7/28/25,7,28,,,,維修費,支出,500,6/4B.2/5A冷氣排水管疏通, (500)
7/29/25,7,29,149,4B,7月,住戶電費,收入,1890,," 1,890 "
7/29/25,7,29,6,2B,6月,住戶電費,收入,2820,," 2,820 "
7/31/25,7,31,147,5A,7月,租金,收入,4500,," 4,500 "
7/31/25,7,31,2,3D,,退押金,支出,8400,退租," (8,400)"
7/31/25,7,31,2,3D,8月,住戶電費,收入,780,退租, 780 
7/31/25,7,31,6,4A,7月,租金,收入,4200,," 4,200 "
7/31/25,7,31,6,4A,7月,住戶電費,收入,870,, 870 
7/31/25,7,31,6,4A,7月,水費,收入,200,, 200 
7/31/25,7,31,147,3B,,介紹費,支出,2000,," (2,000)"
7/31/25,7,31,6,2F,5月,租金,收入,4200,," 4,200 "
7/31/25,7,31,2,5B,7月,租金,收入,4500,," 4,500 "
7/31/25,7,31,2,5B,7月,住戶電費,收入,1210,," 1,210 "
7/31/25,7,31,6,4E,6月,住戶電費,收入,710,, 710 
7/31/25,7,31,6,4E,7月,住戶電費,收入,750,, 750 
8/1/25,8,1,147,2A,8月,租金,收入,5000,," 5,000 "
8/1/25,8,1,147,2A,8月,住戶電費,收入,1180,," 1,180 "
8/1/25,8,1,,,,其他,支出,200,烘衣機搬樓層費, (200)
8/2/25,8,2,6,5F,8月,租金,收入,4200,," 4,200 "
8/2/25,8,2,6,5F,8月,住戶電費,收入,1150,," 1,150 "
8/3/25,8,3,2,4D,,退押金,支出,9000,退租," (9,000)"
8/3/25,8,3,2,4D,8月,住戶電費,收入,630,退租, 630 
8/5/25,8,5,6,1D,,退押金,支出,8400,退租," (8,400)"
8/5/25,8,5,6,1D,8月,住戶電費,收入,1530,退租," 1,530 "
8/5/25,8,5,149,5B,8月,租金,收入,4200,," 4,200 "
8/5/25,8,5,149,5B,8月,住戶電費,收入,1230,," 1,230 "
8/5/25,8,5,147,5B,8月,租金,收入,4500,," 4,500 "
8/5/25,8,5,147,5B,8月,住戶電費,收入,1680,," 1,680 "
8/6/25,8,6,147,,8月,租金,收入,9000,店面," 9,000 "
8/6/25,8,6,147,5B,,介紹費,支出,2000,," (2,000)"
8/7/25,8,7,,,,匯馬玲帳戶,支出,50000,," (50,000)"
8/8/25,8,8,,,7月,管理員薪水,支出,28000,," (28,000)"
8/8/25,8,8,147,5B,,押金,收入,4500,," 4,500 "
8/8/25,8,8,6,2B,7月,租金,收入,4500,," 4,500 "
8/8/25,8,8,149,2B,8月,租金,收入,4800,," 4,800 "
8/8/25,8,8,149,2B,8月,住戶電費,收入,1430,," 1,430 "
8/8/25,8,8,6,3F,8月,租金,收入,4500,," 4,500 "
8/8/25,8,8,6,3F,8月,住戶電費,收入,640,, 640 
8/8/25,8,8,2,2C,8月,租金,收入,4500,," 4,500 "
8/8/25,8,8,2,2C,8月,住戶電費,收入,570,, 570 
8/9/25,8,9,2,3A,8月,租金,收入,4200,," 4,200 "
8/9/25,8,9,2,3A,8月,住戶電費,收入,1020,," 1,020 "
8/9/25,8,9,2,,,維修費,支出,500,水塔維修, (500)
8/9/25,8,9,2,2C,,介紹費,支出,2000,," (2,000)"
8/9/25,8,9,,,,新設備,支出,17600,冰箱二台," (17,600)"
8/11/25,8,11,2,4B,8月,租金,收入,4200,," 4,200 "
8/11/25,8,11,2,4B,8月,住戶電費,收入,570,, 570 
8/11/25,8,11,2,2A,8月,租金,收入,4200,," 4,200 "
9/11/25,9,11,2,2A,8月,住戶電費,收入,1790,," 1,790 "
9/11/25,9,11,149,5A,8月,租金,收入,4200,," 4,200 "
9/11/25,9,11,149,5A,8月,住戶電費,收入,1230,," 1,230 "
8/11/25,8,11,2,5E,8月,租金,收入,4500,," 4,500 "
8/11/25,8,11,2,5E,8月,住戶電費,收入,840,, 840 
8/11/25,8,11,6,2E,8月,租金,收入,4500,," 4,500 "
8/11/25,8,11,6,2E,8月,住戶電費,收入,860,, 860 
8/12/25,8,12,6,1A,8月,租金,收入,4500,," 4,500 "
8/12/25,8,12,6,1A,8月,住戶電費,收入,320,, 320 
8/12/25,8,12,149,3B,8月,租金,收入,5000,," 5,000 "
8/12/25,8,12,149,3B,8月,住戶電費,收入,1290,," 1,290 "
8/14/25,8,14,2,5A,8月,租金,收入,4500,," 4,500 "
8/14/25,8,14,2,5A,8月,住戶電費,收入,1020,," 1,020 "
8/14/25,8,14,6,1B,8月,租金,收入,4500,," 4,500 "
8/14/25,8,14,6,1B,8月,住戶電費,收入,875,, 875 
8/14/25,8,14,149,4B,,租金,收入,55000,年繳優待一個月<8-7>," 55,000 "
8/14/25,8,14,,,,匯馬玲帳戶,支出,100000,," (100,000)"
8/14/25,8,14,6,4E,,租金,收入,12600,<8-10>季繳," 12,600 "
8/14/25,8,14,6,4E,8月,住戶電費,收入,690,, 690 
8/14/25,8,14,2,2E,8月,租金,收入,4500,," 4,500 "
8/14/25,8,14,2,2E,8月,住戶電費,收入,870,, 870 
8/14/25,8,14,,,7月,管理員獎金,支出,8000,空房獎金," (8,000)"
8/15/25,8,15,149,2C,8月,租金,收入,5000,," 5,000 "
8/15/25,8,15,149,2C,8月,住戶電費,收入,1360,," 1,360 "
8/15/25,8,15,2,5D,8月,租金,收入,4500,," 4,500 "
8/15/25,8,15,2,5D,8月,住戶電費,收入,1140,," 1,140 "
8/15/25,8,15,2,1A,8月,租金,收入,4200,," 4,200 "
8/15/25,8,15,2,1A,8月,住戶電費,收入,720,, 720 
8/15/25,8,15,2,1C,8月,租金,收入,4500,," 4,500 "
8/15/25,8,15,2,1C,8月,住戶電費,收入,470,, 470 
8/15/25,8,15,147,4B,8月,租金,收入,5000,," 5,000 "
8/15/25,8,15,147,4B,8月,住戶電費,收入,1500,," 1,500 "
8/16/25,8,16,,,,匯馬玲帳戶,支出,50000,," (50,000)"
8/16/25,8,16,2,3B,8月,租金,收入,4500,," 4,500 "
8/16/25,8,16,2,3B,8月,住戶電費,收入,890,, 890 
8/16/25,8,16,2,4A,8月,租金,收入,4500,," 4,500 "
8/16/25,8,16,2,4A,8月,住戶電費,收入,770,, 770 
8/16/25,8,16,6,4F,8月,租金,收入,4500,," 4,500 "
8/16/25,8,16,6,4F,8月,住戶電費,收入,820,, 820 
8/16/25,8,16,2,1D,8月,租金,收入,4500,," 4,500 "
8/16/25,8,16,2,1D,8月,住戶電費,收入,1200,," 1,200 "
8/16/25,8,16,149,2A,8月,租金,收入,4200,," 4,200 "
8/16/25,8,16,149,2A,8月,住戶電費,收入,940,, 940 
8/16/25,8,16,149,4B,8月,住戶電費,收入,1380,," 1,380 "
8/16/25,8,16,2,5C,8月,租金,收入,4500,," 4,500 "
8/16/25,8,16,2,5C,8月,住戶電費,收入,2000,," 2,000 "
8/16/25,8,16,2,3E,8月,租金,收入,4300,," 4,300 "
8/16/25,8,16,2,3E,8月,住戶電費,收入,1180,," 1,180 "
8/16/25,8,16,6,1C,8月,租金,收入,3500,," 3,500 "
8/16/25,8,16,6,1C,8月,住戶電費,收入,1170,," 1,170 "
8/18/25,8,18,149,3A,8月,租金,收入,5000,," 5,000 "
8/18/25,8,18,149,3A,8月,住戶電費,收入,1530,," 1,530 "
8/18/25,8,18,149,4A,8月,租金,收入,5000,," 5,000 "
8/18/25,8,18,149,4A,8月,押金,收入,10000,," 10,000 "
8/20/25,8,20,2,2D,8月,租金,收入,4500,," 4,500 "
8/20/25,8,20,2,2D,8月,住戶電費,收入,920,, 920 
8/17/25,8,17,,,,匯馬玲帳戶,支出,50000,," (50,000)"
8/21/25,8,21,6,1E,8月,租金,收入,4500,," 4,500 "
8/21/25,8,21,6,1E,8月,住戶電費,收入,1020,," 1,020 "
8/21/25,8,21,6,4C,8月,租金,收入,3500,," 3,500 "
8/21/25,8,21,6,4C,8月,住戶電費,收入,695,, 695 
8/21/25,8,21,149,5B,,維修費,支出,500,插座, (500)
8/21/25,8,21,2,4C,8月,租金,收入,4300,," 4,300 "
8/21/25,8,21,2,4C,8月,住戶電費,收入,1180,," 1,180 "
8/21/25,8,21,,,,匯馬玲帳戶,支出,50000,," (50,000)"
8/22/25,8,22,147,5A,8月,租金,收入,4500,," 4,500 "
8/22/25,8,22,147,5A,8月,住戶電費,收入,1020,," 1,020 "
8/22/25,8,22,147,5A,7月,住戶電費,收入,1550,," 1,550 "
8/22/25,8,22,147,3B,8月,租金,收入,5000,," 5,000 "
8/22/25,8,22,147,3B,8月,住戶電費,收入,1440,," 1,440 "
8/25/25,8,25,6,3B,8月,租金,收入,4500,," 4,500 "
8/25/25,8,25,6,3B,8月,住戶電費,收入,450,, 450 
8/25/25,8,25,2,4E,8月,租金,收入,4500,," 4,500 "
8/25/25,8,25,2,4E,8月,住戶電費,收入,1560,," 1,560 "
8/26/25,8,26,6,2B,7月,住戶電費,收入,2350,," 2,350 "
8/27/25,8,27,6,2C,8月,租金,收入,3500,," 3,500 "
8/27/25,8,27,6,2C,8月,住戶電費,收入,1820,," 1,820 "
8/28/25,8,28,2,3C,8月,租金,收入,4500,," 4,500 "
8/28/25,8,28,2,3C,8月,住戶電費,收入,2350,," 2,350 "
8/30/25,8,30,6,5D,8月,住戶電費,收入,1315,," 1,315 "
8/31/25,8,31,2,5C,,新設備,支出,22000,冷氣," (22,000)"
8/31/25,8,31,6,4A,8月,租金,收入,4200,," 4,200 "
8/31/25,8,31,6,2F,6月,租金,收入,4200,," 4,200 "
9/2/25,9,2,6,5F,9月,租金,收入,4200,," 4,200 "
9/2/25,9,2,6,5F,9月,住戶電費,收入,1380,," 1,380 "
9/3/25,9,3,6,2E,9月,租金,收入,4500,," 4,500 "
9/3/25,9,3,6,2E,9月,住戶電費,收入,970,, 970 
9/3/25,9,3,2,1A,9月,租金,收入,4200,," 4,200 "
9/3/25,9,3,2,1A,9月,住戶電費,收入,1080,," 1,080 "
9/4/25,9,4,,,,維修費,支出,2310,電梯維修," (2,310)"
9/5/25,9,5,,,,其他,支出,4250,中元普渡," (4,250)"
9/5/25,9,5,6,1D,,押金,收入,9000,," 9,000 "
9/5/25,9,5,6,1D,9月,租金,收入,4500,," 4,500 "
9/5/25,9,5,6,1E,9月,租金,收入,4500,," 4,500 "
9/5/25,9,5,6,1E,9月,住戶電費,收入,860,, 860 
9/6/25,9,6,6,5D,9月,住戶電費,收入,1440,," 1,440 "
9/8/25,9,8,149,5B,9月,租金,收入,4200,," 4,200 "
9/8/25,9,8,149,5B,9月,住戶電費,收入,1500,," 1,500 "
9/8/25,9,8,2,5E,9月,租金,收入,4500,," 4,500 "
9/8/25,9,8,2,5E,9月,住戶電費,收入,870,, 870 
9/9/25,9,9,,,,匯馬玲帳戶,支出,50000,," (50,000)"
9/9/25,9,9,2,4B,9月,租金,收入,4200,," 4,200 "
9/9/25,9,9,2,4B,9月,住戶電費,收入,1380,," 1,380 "
9/9/25,9,9,149,3B,9月,租金,收入,5000,," 5,000 "
9/9/25,9,9,149,3B,9月,住戶電費,收入,1410,," 1,410 "
9/9/25,9,9,2,2C,9月,租金,收入,4500,," 4,500 "
9/9/25,9,9,2,2C,9月,住戶電費,收入,660,, 660 
9/10/25,9,10,6,4F,9月,租金,收入,4500,," 4,500 "
9/10/25,9,10,6,4F,9月,住戶電費,收入,800,, 800 
9/10/25,9,10,,,8月,管理員薪水,支出,28000,," (28,000)"
9/10/25,9,10,2,5A,9月,租金,收入,4500,," 4,500 "
9/10/25,9,10,2,5A,9月,住戶電費,收入,1110,," 1,110 "
9/10/25,9,10,149,2B,9月,租金,收入,4800,," 4,800 "
9/10/25,9,10,149,2B,9月,住戶電費,收入,1560,," 1,560 "
9/11/25,9,11,2,2A,9月,租金,收入,4200,," 4,200 "
9/11/25,9,11,2,2A,9月,住戶電費,收入,1650,," 1,650 "
9/11/25,9,11,147,2A,9月,租金,收入,5000,," 5,000 "
9/11/25,9,11,147,2A,9月,住戶電費,收入,1380,," 1,380 "
9/11/25,9,11,2,1C,9月,租金,收入,4500,," 4,500 "
9/11/25,9,11,2,1C,9月,住戶電費,收入,280,, 280 
9/11/25,9,11,6,3F,9月,租金,收入,4500,," 4,500 "
9/11/25,9,11,6,3F,9月,住戶電費,收入,800,, 800 
9/12/25,9,12,147,5B,9月,租金,收入,4500,," 4,500 "
9/12/25,9,12,147,5B,9月,住戶電費,收入,3540,," 3,540 "
9/12/25,9,12,147,4B,9月,租金,收入,5000,," 5,000 "
9/12/25,9,12,147,4B,9月,住戶電費,收入,1355,," 1,355 "
9/12/25,9,12,,,,匯馬玲帳戶,支出,50000,," (50,000)"
9/12/25,9,12,149,2C,9月,租金,收入,5000,," 5,000 "
9/12/25,9,12,149,2C,9月,住戶電費,收入,1420,," 1,420 "
9/12/25,9,12,6,1B,9月,租金,收入,4500,," 4,500 "
9/12/25,9,12,6,1B,9月,住戶電費,收入,660,, 660 
9/12/25,9,12,2,3B,9月,租金,收入,4500,," 4,500 "
9/12/25,9,12,2,3B,9月,住戶電費,收入,460,, 460 
9/12/25,9,12,6,4C,9月,租金,收入,3500,," 3,500 "
9/12/25,9,12,6,4C,9月,住戶電費,收入,720,, 720 
9/13/25,9,13,2,2E,9月,租金,收入,4500,," 4,500 "
9/13/25,9,13,2,2E,9月,住戶電費,收入,910,, 910 
9/13/25,9,13,149,5A,9月,租金,收入,4200,," 4,200 "
9/13/25,9,13,149,5A,9月,住戶電費,收入,1080,," 1,080 "
9/13/25,9,13,,,,管理員獎金,支出,8000,空房獎金," (8,000)"
9/13/25,9,13,2,3A,9月,租金,收入,4200,," 4,200 "
9/13/25,9,13,2,3A,9月,住戶電費,收入,1640,," 1,640 "
9/13/25,9,13,6,1C,9月,租金,收入,3500,," 3,500 "
9/13/25,9,13,6,1C,9月,住戶電費,收入,930,, 930 
9/13/25,9,13,2,3E,9月,租金,收入,4300,," 4,300 "
9/13/25,9,13,2,3E,9月,住戶電費,收入,1080,," 1,080 "
9/13/25,9,13,147,,9月,租金,收入,9000,店面," 9,000 "
9/15/25,9,15,6,2B,8月,租金,收入,4500,," 4,500 "
9/15/25,9,15,149,2A,9月,租金,收入,4200,," 4,200 "
9/15/25,9,15,149,2A,9月,住戶電費,收入,990,, 990 
9/15/25,9,15,2,4A,9月,租金,收入,4500,," 4,500 "
9/15/25,9,15,2,4A,9月,住戶電費,收入,840,, 840 
9/16/25,9,16,,,,匯馬玲帳戶,支出,50000,," (50,000)"
9/16/25,9,16,6,4A,8月,住戶電費,收入,1140,," 1,140 "
9/16/25,9,16,6,4A,8月,水費,收入,200,, 200 
9/17/25,9,17,6,2B,8月,住戶電費,收入,2210,," 2,210 "
9/18/25,9,18,6,2A,,新設備,支出,24000,冷氣," (24,000)"
9/18/25,9,18,2,4C,9月,租金,收入,4300,," 4,300 "
9/18/25,9,18,2,4C,9月,住戶電費,收入,1470,," 1,470 "
9/18/25,9,18,2,4D,,押金,收入,9000,," 9,000 "
9/18/25,9,18,2,4D,9月,租金,收入,4500,," 4,500 "
9/19/25,9,19,2,1D,9月,租金,收入,4500,," 4,500 "
9/19/25,9,19,2,1D,9月,住戶電費,收入,1020,," 1,020 "
9/19/25,9,19,149,4A,9月,租金,收入,5000,," 5,000 "
9/19/25,9,19,149,4A,9月,住戶電費,收入,330,, 330 
9/19/25,9,19,149,4A,,介紹費,支出,2000,," (2,000)"
9/19/25,9,19,,,,其他,支出,690,4/90.5/90.6/120.7/90.8/150.9/150, (690)
9/20/25,9,20,2,5C,9月,租金,收入,4500,," 4,500 "
9/20/25,9,20,2,5C,9月,住戶電費,收入,2100,," 2,100 "
9/20/25,9,20,2,4E,9月,租金,收入,4500,," 4,500 "
9/20/25,9,20,2,4E,9月,住戶電費,收入,1110,," 1,110 "
9/22/25,9,22,149,3A,9月,租金,收入,5000,," 5,000 "
9/22/25,9,22,149,3A,9月,住戶電費,收入,1500,," 1,500 "
9/23/25,9,23,2,3C,9月,租金,收入,4500,," 4,500 "
9/23/25,9,23,2,3C,9月,住戶電費,收入,2555,," 2,555 "
9/23/25,9,23,,,,匯馬玲帳戶,支出,50000,," (50,000)"
9/22/25,9,22,2,3D,,押金,收入,9000,," 9,000 "
9/22/25,9,22,2,3D,9月,租金,收入,4500,," 4,500 "
9/24/25,9,24,2,2D,9月,租金,收入,4500,," 4,500 "
9/24/25,9,24,2,2D,9月,住戶電費,收入,960,, 960 
9/24/25,9,24,6,1A,9月,租金,收入,4500,," 4,500 "
9/24/25,9,24,6,1A,9月,住戶電費,收入,450,, 450 
9/25/25,9,25,2,5D,9月,租金,收入,4500,," 4,500 "
9/25/25,9,25,2,5D,9月,住戶電費,收入,1200,," 1,200 "
9/25/25,9,25,6,3B,9月,租金,收入,4500,," 4,500 "
9/25/25,9,25,6,3B,9月,住戶電費,收入,635,, 635 
9/26/25,9,26,6,2C,9月,租金,收入,3500,," 3,500 "
9/26/25,9,26,6,2C,9月,住戶電費,收入,1710,," 1,710 "
9/30/25,9,30,147,5A,9月,租金,收入,4500,," 4,500 "
9/30/25,9,30,147,5A,9月,住戶電費,收入,1770,," 1,770 "
9/30/25,9,30,147,3B,9月,租金,收入,5000,," 5,000 "
9/30/25,9,30,147,3B,9月,住戶電費,收入,1440,," 1,440 "
9/30/25,9,30,6,4A,9月,租金,收入,4200,," 4,200 "
9/30/25,9,30,149,4B,9月,住戶電費,收入,1170,," 1,170 "
9/30/25,9,30,6,2F,7月,租金,收入,4200,," 4,200 "
10/1/25,10,1,147,,10月,租金,收入,9000,店面," 9,000 "
10/1/25,10,1,149,3B,10月,租金,收入,5000,," 5,000 "
10/1/25,10,1,149,3B,10月,住戶電費,收入,1300,," 1,300 "
10/2/25,10,2,147,,,維修費,支出,500,電燈, (500)
10/2/25,10,2,149,,,大樓電費支出,支出,438,, (438)
10/2/25,10,2,,,,其他,支出,348,影印, (348)
10/3/25,10,3,147,3A,,押金,收入,10000,," 10,000 "
10/3/25,10,3,147,3A,10月,租金,收入,5000,," 5,000 "
10/3/25,10,3,147,3A,11月,租金,收入,5000,," 5,000 "
10/4/25,10,4,2,1A,10月,租金,收入,4200,," 4,200 "
10/4/25,10,4,2,1A,10月,住戶電費,收入,1110,," 1,110 "
10/4/25,10,4,2,4B,10月,租金,收入,4200,," 4,200 "
10/4/25,10,4,2,4B,10月,住戶電費,收入,1200,," 1,200 "
10/4/25,10,4,2,3A,10月,租金,收入,4200,," 4,200 "
10/4/25,10,4,2,3A,10月,住戶電費,收入,1020,," 1,020 "
10/4/25,10,4,2,5E,10月,租金,收入,4500,," 4,500 "
10/4/25,10,4,2,5E,10月,住戶電費,收入,750,, 750 
10/4/25,10,4,6,5F,10月,租金,收入,4200,," 4,200 "
10/4/25,10,4,6,5F,10月,住戶電費,收入,1290,," 1,290 "
10/6/25,10,6,6,1D,10月,租金,收入,4500,," 4,500 "
10/6/25,10,6,6,1D,10月,住戶電費,收入,180,, 180 
10/6/25,10,6,149,5B,10月,租金,收入,4200,," 4,200 "
10/6/25,10,6,149,5B,10月,住戶電費,收入,1660,," 1,660 "
10/7/25,10,7,6,2E,10月,租金,收入,4500,," 4,500 "
10/7/25,10,7,6,2E,10月,住戶電費,收入,930,, 930 
10/7/25,10,7,6,1D,,介紹費,支出,2000,," (2,000)"
10/7/25,10,7,,,,匯馬玲帳戶,支出,50000,," (50,000)"
10/7/25,10,7,6,4C,10月,租金,收入,3500,," 3,500 "
10/7/25,10,7,6,4C,10月,住戶電費,收入,750,, 750 
10/8/25,10,8,6,1E,10月,租金,收入,4500,," 4,500 "
10/8/25,10,8,6,1E,10月,住戶電費,收入,920,, 920 
10/8/25,10,8,,,9月,管理員薪水,支出,28000,," (28,000)"
10/8/25,10,8,6,4F,10月,租金,收入,4500,," 4,500 "
10/8/25,10,8,6,4F,10月,住戶電費,收入,1110,," 1,110 "
10/8/25,10,8,147,2A,10月,租金,收入,5000,," 5,000 "
10/8/25,10,8,147,2A,10月,住戶電費,收入,1440,," 1,440 "
10/8/25,10,8,6,3F,10月,租金,收入,4500,," 4,500 "
10/8/25,10,8,6,3F,10月,住戶電費,收入,1200,," 1,200 "
10/9/25,10,9,149,2B,10月,租金,收入,4800,," 4,800 "
10/9/25,10,9,149,2B,10月,住戶電費,收入,1380,," 1,380 "
10/9/25,10,9,2,2E,10月,租金,收入,4500,," 4,500 "
10/9/25,10,9,2,2E,10月,住戶電費,收入,860,, 860 
10/9/25,10,9,2,2A,10月,租金,收入,4200,," 4,200 "
10/9/25,10,9,2,2A,10月,住戶電費,收入,1910,," 1,910 "
10/9/25,10,9,2,2C,10月,租金,收入,4500,," 4,500 "
10/9/25,10,9,2,2C,10月,住戶電費,收入,810,, 810 
10/10/25,10,10,149,2A,10月,租金,收入,4200,," 4,200 "
10/10/25,10,10,149,2A,10月,住戶電費,收入,1110,," 1,110 "
10/11/25,10,11,6,5D,10月,住戶電費,收入,1470,," 1,470 "
10/11/25,10,11,6,1C,10月,租金,收入,3500,," 3,500 "
10/11/25,10,11,6,1C,10月,住戶電費,收入,570,, 570 
10/11/25,10,11,149,5A,10月,租金,收入,4200,," 4,200 "
10/11/25,10,11,149,5A,10月,住戶電費,收入,1150,," 1,150 "
10/13/25,10,13,2,1D,10月,租金,收入,4500,," 4,500 "
10/13/25,10,13,2,1D,10月,住戶電費,收入,1020,," 1,020 "
10/13/25,10,13,,,,匯馬玲帳戶,支出,50000,," (50,000)"
10/13/25,10,13,,,9月,管理員獎金,支出,8000,空房獎金," (8,000)"
10/13/25,10,13,2,5A,10月,租金,收入,4500,," 4,500 "
10/13/25,10,13,2,5A,10月,住戶電費,收入,1560,," 1,560 "
10/13/25,10,13,147,5B,10月,租金,收入,4500,," 4,500 "
10/13/25,10,13,147,5B,10月,住戶電費,收入,2100,," 2,100 "
10/14/25,10,14,147,4B,10月,租金,收入,5000,," 5,000 "
10/14/25,10,14,147,4B,10月,住戶電費,收入,1580,," 1,580 "
10/14/25,10,14,6,4A,9月,水費,收入,200,, 200 
10/14/25,10,14,2,1C,10月,租金,收入,4500,," 4,500 "
10/14/25,10,14,2,1C,10月,住戶電費,收入,310,, 310 
10/14/25,10,14,147,5A,10月,租金,收入,4500,," 4,500 "
10/14/25,10,14,149,2C,10月,租金,收入,5000,," 5,000 "
10/14/25,10,14,149,2C,10月,住戶電費,收入,1450,," 1,450 "
10/14/25,10,14,149,4B,10月,住戶電費,收入,1300,," 1,300 "
10/16/25,10,16,6,4A,9月,住戶電費,收入,1110,," 1,110 "
10/16/25,10,16,2,3E,10月,租金,收入,4300,," 4,300 "
10/16/25,10,16,2,3E,10月,住戶電費,收入,1080,," 1,080 "
10/16/25,10,16,147,3A,,新設備,支出,30000,冷氣," (30,000)"
10/17/25,10,17,2,3D,,退押金,支出,9000,退租," (9,000)"
10/17/25,10,17,2,3D,10月,住戶電費,收入,270,退租, 270 
10/17/25,10,17,2,3D,,住戶電費,收入,370,退租10/1-10/17, 370 
10/17/25,10,17,6,1B,10月,租金,收入,4500,," 4,500 "
10/17/25,10,17,6,1B,10月,住戶電費,收入,810,, 810 
10/17/25,10,17,2,4A,10月,租金,收入,4500,," 4,500 "
10/17/25,10,17,2,4A,10月,住戶電費,收入,870,, 870 
10/17/25,10,17,149,4A,10月,租金,收入,5000,," 5,000 "
10/17/25,10,17,149,4A,10月,住戶電費,收入,870,, 870 
10/17/25,10,17,2,4C,10月,租金,收入,4300,," 4,300 "
10/17/25,10,17,2,4C,10月,住戶電費,收入,1260,," 1,260 "
10/18/25,10,18,2,5B,9月,租金,收入,4500,," 4,500 "
10/18/25,10,18,2,5B,9月,住戶電費,收入,1820,," 1,820 "
10/18/25,10,18,2,5D,10月,租金,收入,4500,," 4,500 "
10/18/25,10,18,2,5D,10月,住戶電費,收入,1110,," 1,110 "
10/18/25,10,18,,,,匯馬玲帳戶,支出,50000,," (50,000)"
10/20/25,10,20,149,3A,10月,租金,收入,5000,," 5,000 "
10/20/25,10,20,149,3A,10月,住戶電費,收入,1550,," 1,550 "
10/21/25,10,21,2,5C,10月,租金,收入,4500,," 4,500 "
10/21/25,10,21,2,5C,10月,住戶電費,收入,1140,," 1,140 "
10/21/25,10,21,2,4E,10月,租金,收入,4500,," 4,500 "
10/21/25,10,21,2,4E,10月,住戶電費,收入,300,, 300 
10/22/25,10,22,6,1A,10月,租金,收入,4500,," 4,500 "
10/22/25,10,22,6,1A,10月,住戶電費,收入,450,, 450 
10/22/25,10,22,2,3D,,押金,收入,9000,," 9,000 "
10/22/25,10,22,2,3D,10月,租金,收入,4500,," 4,500 "
10/22/25,10,22,,,,匯馬玲帳戶,支出,50000,," (50,000)"
10/23/25,10,23,6,3B,10月,租金,收入,4500,," 4,500 "
10/23/25,10,23,6,3B,10月,住戶電費,收入,610,, 610 
10/24/25,10,24,2,5B,,退押金,支出,9000,退租," (9,000)"
10/24/25,10,24,2,5B,10月,住戶電費,收入,2130,退租," 2,130 "
10/24/25,10,24,2,5B,,住戶電費,收入,865,退租10/1-10/24, 865 
10/26/25,10,26,6,2C,10月,租金,收入,3500,," 3,500 "
10/26/25,10,26,6,2C,10月,住戶電費,收入,1770,," 1,770 "
10/27/25,10,27,2,4D,10月,租金,收入,4500,," 4,500 "
10/27/25,10,27,2,4D,10月,住戶電費,收入,450,, 450 
10/27/25,10,27,2,4D,,介紹費,支出,2000,," (2,000)"
10/28/25,10,28,2,3C,10月,租金,收入,4500,," 4,500 "
10/28/25,10,28,2,3C,10月,住戶電費,收入,2370,," 2,370 "
10/28/25,10,28,2,2D,10月,租金,收入,4500,," 4,500 "
10/28/25,10,28,2,2D,10月,住戶電費,收入,1000,," 1,000 "
10/31/25,10,31,147,3B,10月,租金,收入,5000,," 5,000 "
10/31/25,10,31,147,3B,10月,住戶電費,收入,1460,," 1,460 "
10/31/25,10,31,2,3B,10月,租金,收入,4500,," 4,500 "
10/31/25,10,31,2,3B,10月,住戶電費,收入,550,, 550 
10/31/25,10,31,6,2B,9月,租金,收入,4500,," 4,500 "
10/31/25,10,31,6,4A,10月,租金,收入,4200,," 4,200 "
10/31/25,10,31,6,2F,8月,租金,收入,4200,," 4,200 "
10/31/25,10,31,6,2F,9月,租金,收入,4200,," 4,200 "
11/1/25,11,1,6,2F,10月,租金,收入,4200,," 4,200 "
11/1/25,11,1,147,,11月,租金,收入,9000,店面," 9,000 "
11/3/25,11,3,149,3B,11月,租金,收入,5000,," 5,000 "
11/3/25,11,3,149,3B,11月,住戶電費,收入,1290,," 1,290 "
11/3/25,11,3,2,3B,,退押金,支出,8400,," (8,400)"
11/3/25,11,3,2,3B,11月,住戶電費,收入,330,, 330 
11/3/25,11,3,149,5B,11月,租金,收入,4200,," 4,200 "
11/3/25,11,3,149,5B,11月,住戶電費,收入,1260,," 1,260 "
11/5/25,11,5,6,5F,11月,租金,收入,4200,," 4,200 "
11/5/25,11,5,6,5F,11月,住戶電費,收入,910,, 910 
11/4/25,11,4,,,,匯馬玲帳戶,支出,50000,," (50,000)"
11/5/25,11,5,147,3A,11月,住戶電費,收入,870,, 870 
11/5/25,11,5,6,1D,11月,租金,收入,4500,," 4,500 "
11/5/25,11,5,6,1D,11月,住戶電費,收入,150,, 150 
11/5/25,11,5,147,3A,,介紹費,支出,2000,," (2,000)"
11/6/25,11,6,147,2A,11月,租金,收入,5000,," 5,000 "
11/6/25,11,6,147,2A,11月,住戶電費,收入,1160,," 1,160 "
11/6/25,11,6,2,3B,,押金,收入,9000,," 9,000 "
11/6/25,11,6,2,3B,11月,租金,收入,4500,," 4,500 "
11/6/25,11,6,6,2E,11月,租金,收入,4500,," 4,500 "
11/6/25,11,6,6,2E,11月,住戶電費,收入,970,, 970 
11/6/25,11,6,6,1E,11月,租金,收入,4500,," 4,500 "
11/6/25,11,6,6,1E,11月,住戶電費,收入,930,, 930 
11/7/25,11,7,6,4F,11月,租金,收入,4500,," 4,500 "
11/7/25,11,7,6,4F,11月,住戶電費,收入,630,, 630 
11/8/25,11,8,2,1A,11月,租金,收入,4200,," 4,200 "
11/8/25,11,8,2,1A,11月,住戶電費,收入,850,, 850 
11/8/25,11,8,2,3A,11月,租金,收入,4200,," 4,200 "
11/8/25,11,8,2,3A,11月,住戶電費,收入,1230,," 1,230 "
11/8/25,11,8,147,4A,,押金,收入,10000,," 10,000 "
11/8/25,11,8,147,4A,11月,租金,收入,5000,," 5,000 "
11/8/25,11,8,,,10月,管理員薪水,支出,28000,," (28,000)"
11/8/25,11,8,2,5A,11月,租金,收入,4500,," 4,500 "
11/8/25,11,8,2,5A,11月,住戶電費,收入,1200,," 1,200 "
11/9/25,11,9,2,2C,11月,租金,收入,4500,," 4,500 "
11/9/25,11,9,2,2C,11月,住戶電費,收入,720,, 720 
11/10/25,11,10,2,2A,11月,租金,收入,4200,," 4,200 "
11/10/25,11,10,2,2A,11月,住戶電費,收入,1440,," 1,440 "
11/10/25,11,10,,,,匯馬玲帳戶,支出,50000,," (50,000)"
11/10/25,11,10,6,3F,11月,租金,收入,4500,," 4,500 "
11/10/25,11,10,6,3F,11月,住戶電費,收入,930,, 930 
11/10/25,11,10,6,4C,,新設備,支出,8800,冰箱," (8,800)"
11/10/25,11,10,6,4C,11月,租金,收入,3500,," 3,500 "
11/10/25,11,10,6,4C,11月,住戶電費,收入,520,, 520 
11/10/25,11,10,147,5B,11月,租金,收入,4500,," 4,500 "
11/10/25,11,10,147,5B,11月,住戶電費,收入,1920,," 1,920 "
11/11/25,11,11,149,5A,11月,租金,收入,4200,," 4,200 "
11/11/25,11,11,149,5A,11月,住戶電費,收入,1190,," 1,190 "
11/11/25,11,11,149,2A,11月,租金,收入,4200,," 4,200 "
11/11/25,11,11,149,2A,11月,住戶電費,收入,1140,," 1,140 "
11/11/25,11,11,147,4B,11月,租金,收入,5000,," 5,000 "
11/11/25,11,11,147,4B,11月,住戶電費,收入,1460,," 1,460 "
11/11/25,11,11,2,5E,11月,租金,收入,4500,," 4,500 "
11/11/25,11,11,2,5E,11月,住戶電費,收入,780,, 780 
11/11/25,11,11,,,10月,管理員獎金,支出,8000,空房獎金," (8,000)"
11/11/25,11,11,149,2C,11月,租金,收入,5000,," 5,000 "
11/11/25,11,11,149,2C,11月,住戶電費,收入,1140,," 1,140 "
11/13/25,11,13,2,2E,11月,租金,收入,4500,," 4,500 "
11/13/25,11,13,2,2E,11月,住戶電費,收入,860,, 860 
11/14/25,11,14,2,1C,11月,租金,收入,4500,," 4,500 "
11/14/25,11,14,2,1C,11月,住戶電費,收入,410,, 410 
11/15/25,11,15,2,4A,11月,租金,收入,4500,," 4,500 "
11/15/25,11,15,2,4A,11月,住戶電費,收入,810,, 810 
11/15/25,11,15,2,5D,11月,租金,收入,4500,," 4,500 "
11/15/25,11,15,2,5D,11月,住戶電費,收入,840,, 840 
11/15/25,11,15,6,5D,11月,住戶電費,收入,1010,," 1,010 "
11/15/25,11,15,6,1B,11月,租金,收入,4500,," 4,500 "
11/15/25,11,15,6,1B,11月,住戶電費,收入,700,, 700 
11/17/25,11,17,,,,匯馬玲帳戶,支出,50000,," (50,000)"
11/17/25,11,17,2,1D,11月,租金,收入,4500,," 4,500 "
11/17/25,11,17,2,1D,11月,住戶電費,收入,1150,," 1,150 "
11/17/25,11,17,149,3A,11月,租金,收入,5000,," 5,000 "
11/17/25,11,17,149,3A,11月,住戶電費,收入,1500,," 1,500 "
11/18/25,11,18,6,1C,11月,租金,收入,3500,," 3,500 "
11/18/25,11,18,6,1C,11月,住戶電費,收入,510,, 510 
11/18/25,11,18,6,2C,11月,租金,收入,3500,," 3,500 "
11/18/25,11,18,6,2C,11月,住戶電費,收入,1600,," 1,600 "
11/19/25,11,19,,,,匯馬玲帳戶,支出,50000,," (50,000)"
11/19/25,11,19,149,4A,11月,租金,收入,5000,," 5,000 "
11/19/25,11,19,149,4A,11月,住戶電費,收入,1080,," 1,080 "
11/19/25,11,19,6,1A,11月,租金,收入,4500,," 4,500 "
11/19/25,11,19,6,1A,11月,住戶電費,收入,440,, 440 
11/19/25,11,19,149,4B,11月,住戶電費,收入,1150,," 1,150 "
11/20/25,11,20,2,4B,11月,租金,收入,4200,," 4,200 "
11/20/25,11,20,2,4B,11月,住戶電費,收入,1100,," 1,100 "
11/20/25,11,20,6,5C,,新設備,支出,2000,床板," (2,000)"
11/20/25,11,20,6,2B,9月,住戶電費,收入,2330,," 2,330 "
11/20/25,11,20,6,2B,10月,住戶電費,收入,2130,," 2,130 "
11/20/25,11,20,2,5C,11月,租金,收入,4500,," 4,500 "
11/20/25,11,20,2,5C,11月,住戶電費,收入,1030,," 1,030 "
11/20/25,11,20,2,3D,11月,租金,收入,4500,," 4,500 "
11/20/25,11,20,2,3D,11月,住戶電費,收入,360,, 360 
11/21/25,11,21,,,,介紹費,支出,2000,," (2,000)"
11/21/25,11,21,2,3E,11月,租金,收入,4300,," 4,300 "
11/21/25,11,21,2,3E,11月,住戶電費,收入,900,, 900 
11/21/25,11,21,2,4E,11月,租金,收入,4500,," 4,500 "
11/21/25,11,21,2,4E,11月,住戶電費,收入,250,, 250 
11/21/25,11,21,2,,,新設備,支出,7800,抽水馬達," (7,800)"
11/21/25,11,21,2,1D,11月,維修費,支出,500,電熱爐, (500)
11/23/25,11,23,2,4C,11月,租金,收入,4300,," 4,300 "
11/23/25,11,23,2,4C,11月,住戶電費,收入,1080,," 1,080 "
11/23/25,11,23,147,5A,11月,租金,收入,4500,," 4,500 "
11/23/25,11,23,147,5A,11月,住戶電費,收入,1620,," 1,620 "
11/23/25,11,23,147,5A,10月,住戶電費,收入,1530,," 1,530 "
11/24/25,11,24,6,4A,10月,住戶電費,收入,1110,," 1,110 "
11/24/25,11,24,6,4A,10月,水費,收入,200,, 200 
11/24/25,11,24,6,4A,11月,水費,收入,200,, 200 
11/26/25,11,26,2,2D,11月,租金,收入,4500,," 4,500 "
11/26/25,11,26,2,2D,11月,住戶電費,收入,840,, 840 
11/26/25,11,26,6,3B,11月,租金,收入,4500,," 4,500 "
11/26/25,11,26,6,3B,11月,住戶電費,收入,450,, 450 
11/26/25,11,26,149,2B,11月,租金,收入,4800,," 4,800 "
11/26/25,11,26,149,2B,11月,住戶電費,收入,1020,," 1,020 "
11/26/25,11,26,6,4E,11月,租金,收入,4200,," 4,200 "
11/26/25,11,26,6,4E,12月,租金,收入,4200,," 4,200 "
11/26/25,11,26,6,4E,9月,住戶電費,收入,510,, 510 
11/26/25,11,26,6,4E,10月,住戶電費,收入,970,, 970 
11/26/25,11,26,6,4E,11月,住戶電費,收入,640,, 640 
11/27/25,11,27,2,3C,11月,租金,收入,4500,," 4,500 "
11/27/25,11,27,2,3C,11月,住戶電費,收入,2160,," 2,160 "
11/27/25,11,27,2,4D,11月,租金,收入,4500,," 4,500 "
11/27/25,11,27,2,4D,11月,住戶電費,收入,480,, 480 
11/28/25,11,28,,,,匯馬玲帳戶,支出,50000,," (50,000)"
11/29/25,11,29,147,3B,11月,租金,收入,5000,," 5,000 "
11/29/25,11,29,147,3B,11月,住戶電費,收入,1380,," 1,380 "
11/30/25,11,30,,,,,支出,120,會費'10/7'10/13'10/20'10/23, (120)
11/30/25,11,30,6,4A,11月,租金,收入,4200,," 4,200 "
11/30/25,11,30,6,4A,11月,住戶電費,收入,1220,," 1,220 "
11/30/25,11,30,6,2F,11月,租金,收入,4200,," 4,200 "